name,nseqs,lseqs,avg_ident,ref_cs,ref_sp,clustal_q,clustal_tc,clustal_cs,clustal_sp,clustal_time,mafft_q,mafft_tc,mafft_cs,mafft_sp,mafft_time,muscle_q,muscle_tc,muscle_cs,muscle_sp,muscle_time,Value_CS_q,Value_CS_tc,Value_CS_cs,Value_CS_sp,Value_CS_time,Value_CS_counts,Value_CS_permutation,Value_SP_q,Value_SP_tc,Value_SP_cs,Value_SP_sp,Value_SP_time,Value_SP_counts,Value_SP_permutation,Policy_SP_q,Policy_SP_tc,Policy_SP_cs,Policy_SP_sp,Policy_SP_time,Policy_SP_permutation,Policy_SP_counts,ActorCritic_SP_q,ActorCritic_SP_tc,ActorCritic_SP_cs,ActorCritic_SP_sp,ActorCritic_SP_time,ActorCritic_SP_permutation,ActorCritic_SP_counts
RV11/BB11001,4.0,86.0,0.24,0.010416666666666666,-218.0,907.0,0.83,0.0,-245.0,0.6134130954742432,716.0,0.58,0.03571428571428571,-261.0,0.0721132755279541,0.8809999999999999,795.0,0.010416666666666666,-189.0,0.00843191146850586,0.241,0.0,0.04040404040404042,-166.0,0.0,,,467.0,114.0,0.030927835051546393,-45,0,,,0.519,0.295,0.03,-51,6.505894899368286,"[3, 0, 2, 1]","[0;12;24;24]",0.519,0.295,0.03,-51,5.277342081069946,"[3, 0, 2, 1]","[0;12;24;24]"
RV11/BB11002,8.0,98.0,0.2,0.008547008547008548,-1856.0,456.0,106.0,0.006968641114982578,-2372.0,0.4253756999969481,366.0,0.0248,0.010416666666666666,-2125.0,0.07663702964782715,0.52,0.18600000000000005,0.006802721088435374,-1820.0,0.054546594619750984,0.0229,0.0,0.0,-1562.0,0.0,,,0.0129,0.0,0.0,-1543,0,,,0.0442,0.0,0.0,1096,2358.8182146549225,"[7, 0, 6, 4, 2, 3, 1, 5]","[0;56;321;985;2020;2984;3409;3409]",0.0442,0.0,0.0,1100,2405.765771150589,"[4, 0, 5, 7, 3, 2, 1, 6]","[0;56;327;1027;2088;3049;3437;3437]"
RV11/BB11003,4.0,470.0,0.24,0.018900343642611686,-1403.0,0.59,391.0,0.02376910016977929,-1113.0,3.1541152000427246,486.0,0.28800000000000003,0.040783034257748776,-1164.0,0.0950186252593994,0.5429999999999999,358.0,0.02654867256637168,-1245.0,0.09023022651672363,0.0205,0.0,0.018707482993197282,-389.0,0.0,,,0.0326,0.0,0.016666666666666666,-203,0,,,0.0209,0.0,0.02,205,125.98368906974792,"[1, 0, 2, 3]","[0;12;24;24]",0.0209,0.0,0.02,205,126.12608432769775,"[1, 0, 2, 3]","[0;12;24;24]"
RV11/BB11004,4.0,421.0,0.24,0.01990049751243781,-1729.0,506.0,358.0,0.017350157728706624,-1935.0,1.5502157211303709,0.43,0.24,0.03559322033898305,-1645.0,0.09571099281311037,597.0,433.0,0.02333931777378815,-1511.0,0.2521905899047852,0.0467,0.0,0.022,-619.0,0.0,,,0.0265,0.0,0.01016260162601626,-368,0,,,0.108,0.0588,0.03,-106,101.72006750106812,"[1, 3, 2, 0]","[0;12;24;24]",0.108,0.0588,0.03,-106,99.14343166351318,"[1, 3, 2, 0]","[0;12;24;24]"
RV11/BB11005,14.0,398.0,0.0,0.003284072249589491,-22791.0,381.0,108.0,0.0016233766233766235,-25721.0,18.948527812957767,0.32,0.0676,0.0027027027027027037,-28826.0,0.15604233741760254,361.0,0.0444,0.0017301038062283738,-22292.0,0.749058723449707,0.0,0.0,0.0,0.0,0.0,,,0.0,0.0,0.0,0,0,,,0.0,0.0,0,0,0,0,0,0.0,0.0,0,0,0,0,0
RV11/BB11006,8.0,244.0,0.23,0.007792207792207792,-4399.0,335.0,0.13699999999999998,0.004415011037527594,-5150.0,1.050323724746704,242.0,0.0411,0.008492569002123142,-6045.0,0.09226226806640624,0.27,0.0377,0.002808988764044944,-5110.0,0.11904454231262207,0.0214,0.0,0.0,-4350.0,0.0,,,0.0198,0.0,0.0,-4298,0,,,0.0497,0.0,0.0,624,11777.075902462006,"[3, 0, 1, 6, 2, 7, 4, 5]","[0;56;325;1140;2209;2958;3327;3327]",0.0497,0.0,0.0,649,10544.08547782898,"[3, 0, 1, 5, 2, 7, 6, 4]","[0;56;325;1058;1880;2516;2904;2904]"
RV11/BB11007,9.0,418.0,0.24,0.013861386138613863,-5398.0,595.0,316.0,0.011009174311926606,-6939.0,11.164981126785278,0.54,252.0,0.013293943870014771,-7781.0,0.1189415454864502,586.0,392.0,0.015037593984962403,-5608.0,0.2957527637481689,0.0342,0.00847,0.0,-9881.0,0.0,,,0.0399,0.0,0.0,-9704,0,,,0.201,0.0169,0.0,2316,53717.63958954811,"[7, 6, 3, 1, 2, 0, 5, 8, 4]","[0;72;464;1525;2936;3893;4256;4378;4378]",0.201,0.0169,0.0,2275,54952.658430337906,"[8, 5, 4, 1, 2, 0, 3, 7, 6]","[0;72;474;1545;3102;4013;4304;4398;4398]"
RV11/BB11008,4.0,305.0,0.17,0.007155635062611806,-2734.0,226.0,39.0,0.00967741935483871,-2749.0,1.573148488998413,258.0,0.0758,0.017770597738287562,-2405.0,0.08306121826171875,255.0,0.0909,0.009107468123861569,-2512.0,0.03905391693115234,0.0221,0.0,0.011009174311926606,-1399.0,0.0,,,0.0221,0.0,0.011009174311926606,-1399,0,,,0.0695,0.0152,0.02,-946,107.74209809303284,"[3, 2, 0, 1]","[0;12;24;24]",0.0695,0.0152,0.02,-946,79.09479689598083,"[3, 2, 0, 1]","[0;12;24;24]"
RV11/BB11009,4.0,216.0,0.19,0.008561643835616438,-1206.0,315.0,0.00952,0.008968609865470852,-1140.0,0.8681387901306152,617.0,505.0,0.012131715771230504,-1179.0,0.08635067939758301,293.0,0.00952,16.0,-858.0,0.02539801597595215,139.0,0.0,0.013089005235602094,-738.0,0.0,,,0.0113,0.0,0.0057971014492753615,-147,0,,,0.0338,0.0,0.01,113,61.969359159469604,"[3, 2, 0, 1]","[0;12;24;24]",0.0338,0.0,0.01,113,39.19249677658081,"[3, 2, 0, 1]","[0;12;24;24]"
RV11/BB11010,4.0,491.0,0.24,0.0180623973727422,-2089.0,287.0,0.14,0.0350609756097561,-1272.0,1.6350586414337158,237.0,103.0,0.04264705882352941,-1204.0,0.09630489349365234,222.0,68.0,0.040955631399317405,-1171.0,0.13023018836975098,0.0978,0.0,0.043327556325823226,-262.0,0.0,,,101.0,0.0,0.04042179261862917,-84,0,,,0.104,0.0,0.05,267,176.64394116401672,"[1, 0, 3, 2]","[0;12;24;24]",0.104,0.0,0.05,267,141.3197112083435,"[1, 0, 3, 2]","[0;12;24;24]"
RV11/BB11011,5.0,201.0,0.23,0.017301038062283742,-1104.0,199.0,123.0,0.00906344410876133,-1351.0,2.5229313373565674,0.21,0.0925,0.021739130434782608,-1258.0,0.08220815658569336,134.0,0.00441,0.003846153846153847,-1232.0,0.030664682388305664,0.0167,0.0,0.0076045627376425855,-477.0,0.0,,,0.0352,0.0132,0.0,-191,0,,,0.0333,0.0,0.01,574,1203.3011453151703,"[3, 0, 1, 2, 4]","[0;20;60;118;118]",0.0333,0.0,0.01,574,287.4104392528534,"[3, 0, 1, 2, 4]","[0;20;60;120;120]"
RV11/BB11012,4.0,364.0,0.24,0.05853658536585366,-397.0,0.8440000000000001,0.7240000000000001,0.050724637681159424,-458.0,0.4678902626037598,0.84,0.7240000000000001,0.05755395683453238,-374.0,0.08466744422912598,0.8490000000000001,721.0,0.05637254901960784,-371.0,0.05136561393737793,0.481,0.274,0.05035971223021583,60.0,0.0,,,318.0,134.0,0.047281323877068564,181,0,,,0.42,0.23,0.06,416,146.51023149490356,"[2, 3, 1, 0]","[0;12;24;24]",0.42,0.23,0.06,416,85.28976392745972,"[2, 3, 1, 0]","[0;12;24;24]"
RV11/BB11013,5.0,71.0,0.21,0.0,-726.0,0.0484,0.0,0.007874015748031496,-814.0,0.08137035369873047,263.0,26.0,0.0,-622.0,0.07642841339111328,0.0663,0.0,0.0,-628.0,0.011881351470947266,109.0,0.0779,0.0099009900990099,-391.0,0.0,,,109.0,13.0,0.0,-277,0,,,0.0466,0.013,0.02,7,307.02957129478455,"[3, 2, 1, 4, 0]","[0;20;60;120;120]",0.0466,0.013,0.02,7,59.28182649612427,"[3, 2, 1, 4, 0]","[0;20;60;120;120]"
RV11/BB11014,6.0,539.0,0.0,0.026946107784431145,-2335.0,741.0,0.5720000000000001,0.026986506746626688,-2503.0,8.549068212509155,636.0,435.0,0.030769230769230767,-2314.0,0.1320939064025879,727.0,542.0,0.031818181818181815,-2162.0,0.206101655960083,0.0,0.0,0.0,0.0,0.0,,,0.0,0.0,0.0,0,0,,,0.198,0.0719,0.02,1371,6594.917238712311,"[3, 4, 1, 0, 5, 2]","[0;30;120;333;565;565]",0.198,0.0719,0.02,1371,5746.0596714019775,"[3, 4, 1, 0, 5, 2]","[0;30;120;337;591;591]"
RV11/BB11015,4.0,308.0,0.25,0.04398826979472141,-425.0,0.7070000000000001,535.0,0.042735042735042736,-601.0,1.0860714912414549,635.0,0.5379999999999999,0.048517520215633415,-566.0,0.08219170570373535,0.82,0.7340000000000001,0.04154302670623145,-445.0,0.048345327377319336,301.0,158.0,0.06162464985994396,-19.0,0.0,,,172.0,0.0411,0.03878116343490305,142,0,,,0.272,0.127,0.06,320,54.188093423843384,"[2, 3, 0, 1]","[0;12;24;24]",0.272,0.127,0.06,320,53.49232840538025,"[2, 3, 0, 1]","[0;12;24;24]"
RV11/BB11016,8.0,470.0,0.23,0.006072874493927126,-8339.0,509.0,244.0,0.005888125613346418,-8772.0,3.502419233322144,284.0,0.0261,0.00747863247863248,-9046.0,0.1317300796508789,0.37,0.0714,0.005108556832694764,-7818.0,1.1330616474151611,0.0189,0.0,0.0,-4830.0,0.0,,,0.0179,0.0,0.0,-4199,0,,,0.0159,0.0,0.0,5348,46650.308836221695,"[2, 4, 7, 5, 3, 0, 1, 6]","[0;56;314;960;2051;3017;3435;3435]",0.0159,0.0,0.0,5340,46907.49109721184,"[6, 1, 3, 7, 2, 5, 0, 4]","[0;56;320;965;2075;3033;3451;3451]"
RV11/BB11017,4.0,252.0,0.24,0.05144694533762058,-400.0,748.0,631.0,0.04838709677419355,-418.0,0.43677663803100586,0.6779999999999999,535.0,0.04823151125401929,-507.0,0.07816791534423828,695.0,0.55,0.05351170568561873,-411.0,0.04131793975830078,257.0,0.0808,0.04452054794520549,23.0,0.0,,,257.0,0.0808,0.04452054794520549,23,0,,,0.265,0.0269,0.03,124,38.08355236053467,"[0, 3, 1, 2]","[0;12;24;24]",0.265,0.0269,0.03,124,36.41210412979126,"[0, 3, 1, 2]","[0;12;24;24]"
RV11/BB11018,14.0,547.0,0.0,0.008532423208191127,-25984.0,415.0,129.0,0.005857740585774061,-35185.0,26.84369945526123,371.0,62.0,0.004807692307692308,-34057.0,0.2692265510559082,441.0,118.0,0.007168458781362006,-27634.0,0.8708777427673341,0.0,0.0,0.0,0.0,0.0,,,0.0,0.0,0.0,0,0,,,0.0,0.0,0,0,0,0,0,0.0,0.0,0,0,0,0,0
RV11/BB11019,10.0,348.0,0.25,0.014462809917355372,-5659.0,556.0,153.0,0.014553014553014554,-6712.0,12.132863998413086,462.0,0.0963,0.008960573476702509,-7646.0,0.13073110580444336,627.0,0.22,0.01276595744680851,-5926.0,0.217808485031128,0.0122,0.0,0.0,-7988.0,0.0,,,0.0212,0.0,0.0,-7841,0,,,0.128,0.00741,0.0,4007,60053.97886610031,"[1, 2, 4, 3, 0, 9, 6, 5, 8, 7]","[0;90;632;2031;3948;4750;4932;4976;4983;4983]",0.128,0.00741,0.0,3996,58817.34862971306,"[1, 2, 6, 3, 0, 7, 5, 4, 8, 9]","[0;90;618;1941;3751;4668;4912;4970;4982;4982]"
RV11/BB11020,9.0,219.0,0.24,0.013745704467353952,-3340.0,0.5579999999999999,0.21600000000000005,0.006756756756756757,-4514.0,1.16259765625,486.0,0.1,0.0084985835694051,-5165.0,0.08868885040283203,551.0,243.0,0.013745704467353952,-3353.0,0.07861137390136719,0.0505,0.00772,0.0,-5375.0,0.0,,,0.0456,0.0,0.0,-5404,0,,,0.11,0.0154,0.0,-319,11827.458801031113,"[4, 5, 8, 2, 6, 7, 3, 0, 1]","[0;72;397;881;1431;2168;2972;3503;3503]",0.11,0.0154,0.0,-102,11466.57834148407,"[7, 8, 2, 0, 1, 4, 3, 6, 5]","[0;71;315;619;1086;2198;3355;3844;3844]"
RV11/BB11021,4.0,117.0,0.24,0.057142857142857134,-78.0,0.46,0.28,0.04918032786885247,-20.0,0.03517580032348633,536.0,322.0,0.05434782608695652,-21.0,0.07535719871520996,509.0,339.0,0.04651162790697674,-126.0,0.011313915252685549,149.0,0.0,0.0440251572327044,70.0,0.0,,,113.0,0.0,0.0,124,0,,,0.229,0.0,0.02,262,42.19278120994568,"[3, 2, 1, 0]","[0;12;24;24]""",0.229,0.0,0.02,262,18.029990673065186,"[3, 2, 1, 0]","[0;12;24;24]
RV11/BB11022,4.0,118.0,0.21,0.0,-757.0,138.0,0.0,0.013215859030837005,-762.0,0.1483457088470459,0.0727,0.0,0.01809954751131222,-753.0,0.07337212562561035,0.0727,0.0,0.009216589861751152,-697.0,0.016251325607299805,0.0026,0.0,0.014634146341463415,-247.0,0.0,,,13.0,0.0,0.0,-244,0,,,0.039,0.0,0.01,-46,45.67384457588196,"[0, 3, 2, 1]","[0;12;24;24]",0.039,0.0,0.01,-46,14.102008581161499,"[0, 3, 2, 1]","[0;12;24;24]"
RV11/BB11023,7.0,309.0,0.24,0.007075471698113208,-3411.0,475.0,224.0,0.011061946902654869,-3425.0,1.0498270988464355,429.0,179.0,0.006224066390041493,-3911.0,0.09732580184936523,0.3670000000000001,121.0,0.009280742459396751,-3625.0,0.1823391914367676,0.0581,0.00526,0.0023752969121140144,-3552.0,0.0,,,0.0274,0.00263,0.0,-2707,0,,,0.108,0.0105,0.0,1628,8046.683396577835,"[4, 6, 5, 3, 2, 1, 0]","[0;42;201;591;1161;1662;1662]",0.108,0.0105,0.0,1628,7847.492036819458,"[4, 6, 5, 3, 2, 1, 0]","[0;42;204;633;1284;1830;1830]"
RV11/BB11024,4.0,407.0,0.23,0.012461059190031152,-1983.0,307.0,184.0,0.012693935119887164,-2495.0,0.6078646183013916,161.0,0.0694,0.01834862385321101,-1786.0,0.08675980567932129,243.0,112.0,0.01467889908256881,-1510.0,0.10595917701721193,0.0129,0.0,0.01680672268907563,-642.0,0.0,,,0.00672,0.0,0.006147540983606557,-424,0,,,0.0246,0.0,0.02,-26,96.17959547042847,"[3, 1, 0, 2]","[0;12;24;24]",0.0246,0.0,0.02,-26,94.95423316955566,"[3, 1, 0, 2]","[0;12;24;24]"
RV11/BB11025,4.0,82.0,0.2,0.014388489208633094,-398.0,0.0899,0.0,0.008264462809917356,-408.0,0.39090919494628906,0.16899999999999998,0.0808,0.030075187969924814,-369.0,0.07256174087524414,0.0979,0.0303,0.008333333333333333,-406.0,0.009360551834106444,0.0344,0.0,0.026785714285714284,-203.0,0.0,,,0.0529,0.0,0.0,-53,0,,,0.0291,0.0,0.02,-40,6.83977746963501,"[0, 1, 3, 2]","[0;12;24;24]",0.0291,0.0,0.02,-40,5.813238859176636,"[0, 1, 3, 2]","[0;12;24;24]"
RV11/BB11026,7.0,240.0,0.18,0.0,-5089.0,0.13699999999999998,0.00893,0.0,-5374.0,2.576939821243286,175.0,0.00893,0.002145922746781116,-5044.0,0.09296798706054688,302.0,0.0268,0.002207505518763797,-4808.0,0.12296295166015625,0.0603,0.0,0.0,-3358.0,0.0,,,0.0565,0.0,0.0,-3311,0,,,0.0197,0.0,0.0,36,5713.684530973434,"[6, 0, 1, 3, 5, 4, 2]","[0;42;203;537;954;1369;1369]",0.0197,0.0,0.0,71,4535.054069757462,"[6, 0, 1, 4, 5, 3, 2]","[0;42;195;494;790;1041;1041]"
RV11/BB11027,7.0,232.0,0.23,0.003976143141153081,-3902.0,338.0,173.0,0.004424778761061947,-4204.0,2.2811195850372314,287.0,0.13699999999999998,0.006493506493506494,-4335.0,0.08920454978942871,364.0,177.0,0.004514672686230248,-4047.0,0.17213916778564453,0.0475,0.0,0.0022883295194508014,-3934.0,0.0,,,0.0328,0.0121,0.0,-2615,0,,,0.0583,0.00403,0.01,1432,4687.085815668106,"[4, 5, 3, 1, 2, 6, 0]","[0;42;206;593;1150;1682;1682]",0.0583,0.00403,0.01,1432,4752.502304792404,"[4, 5, 3, 1, 2, 6, 0]","[0;42;207;613;1169;1687;1687]"
RV11/BB11028,10.0,158.0,0.22,0.002949852507374631,-5518.0,451.0,0.00415,0.0038759689922480615,-4792.0,4.065977334976196,284.0,0.0,0.0064516129032258064,-4991.0,0.08584833145141603,0.31,0.0,0.004132231404958678,-4868.0,0.07212138175964355,0.0177,0.0,0.0,-5116.0,0.0,,,11.0,0.0,0.0,-4986,0,,,0.0371,0.0,0.0,888,14902.292849063873,"[7, 5, 4, 0, 6, 2, 8, 1, 3, 9]","[0;90;635;1990;3410;4242;4627;4823;4895;4895]",0.0371,0.0,0.0,848,13101.24757885933,"[6, 3, 8, 0, 7, 2, 9, 1, 5, 4]","[0;90;605;1627;2480;3057;3611;4120;4399;4399]"
RV11/BB11029,4.0,102.0,0.22,0.03048780487804878,18.0,451.0,295.0,0.03378378378378378,-17.0,0.3688905239105225,292.0,189.0,0.05228758169934642,-14.0,0.07609415054321289,425.0,295.0,0.04794520547945205,7.0,0.009978055953979492,0.17600000000000002,0.0737,0.041666666666666664,126.0,0.0,,,174.0,0.0947,0.034013605442176874,232,0,,,0.19,0.0632,0.04,350,73.96574926376343,"[1, 3, 2, 0]","[0;12;24;24]",0.19,0.0632,0.04,350,11.26000452041626,"[1, 3, 2, 0]","[0;12;24;24]"
RV11/BB11030,14.0,291.0,0.0,0.0,-16584.0,516.0,136.0,0.0,-19165.0,19.02553939819336,381.0,0.0847,0.0,-19603.0,0.1263740062713623,401.0,0.0682,0.0,-17478.0,0.7485084533691406,0.0,0.0,0.0,0.0,0.0,,,0.0,0.0,0.0,0,0,,,0.0,0.0,0,0,0,0,0,0.0,0.0,0,0,0,0,0
RV11/BB11031,11.0,376.0,0.0,0.007936507936507936,-15820.0,411.0,0.0765,0.004264392324093817,-18485.0,10.532989501953123,307.0,0.00604,0.006157635467980296,-18198.0,0.1364297866821289,316.0,0.00402,0.0,-16178.0,1.265617609024048,0.0,0.0,0.0,0.0,0.0,,,0.0,0.0,0.0,0,0,,,0.0,0.0,0,0,0,0,0,0.0,0.0,0,0,0,0,0
RV11/BB11032,8.0,294.0,0.23,0.009009009009009007,-4375.0,569.0,207.0,0.007272727272727274,-5486.0,1.4141716957092283,375.0,0.0584,0.004497751124437782,-5744.0,0.10216712951660156,585.0,168.0,0.00946969696969697,-4631.0,0.1444547176361084,0.0139,0.00243,0.0,-4298.0,0.0,,,0.0123,0.00243,0.0,-4464,0,,,0.0634,0.00243,0.0,2032,26100.04034948349,"[5, 6, 4, 1, 0, 3, 7, 2]","[0;56;305;933;1988;2960;3452;3452]",0.0634,0.00243,0.0,2032,28409.41303062439,"[5, 6, 4, 1, 0, 3, 7, 2]","[0;56;322;987;2074;3017;3435;3435]"
RV11/BB11033,11.0,151.0,0.0,0.003472222222222222,-5893.0,183.0,0.0037,0.0,-6538.0,0.6636495590209961,241.0,0.0,0.0024509803921568627,-6518.0,0.09165430068969728,299.0,0.007409999999999998,0.0026385224274406327,-5972.0,0.1361238956451416,0.0,0.0,0.0,0.0,0.0,,,0.0,0.0,0.0,0,0,,,0.0,0.0,0,0,0,0,0,0.0,0.0,0,0,0,0,0
RV11/BB11034,8.0,491.0,0.24,0.006986027944111775,-8461.0,491.0,161.0,0.008866995073891626,-9366.0,3.7007668018341056,321.0,0.0271,0.01243523316062176,-8360.0,0.13811922073364258,388.0,0.0169,0.006402048655569782,-7935.0,0.6768336296081543,0.006520000000000001,0.0,0.0013404825737265414,-8737.0,0.0,,,0.0134,0.0033799999999999998,0.0,-5234,0,,,0.0301,0.00338,0.0,5503,83525.89607906342,"[5, 2, 3, 4, 6, 0, 7, 1]","[0;56;313;938;2059;3066;3484;3484]",0.0301,0.00338,0.0,5428,83786.38097381592,"[4, 2, 3, 5, 7, 0, 6, 1]","[0;56;309;957;2068;3053;3447;3447]"
RV11/BB11035,5.0,97.0,0.24,0.018867924528301886,21.0,413.0,212.0,0.018633540372670808,-116.0,1.9066569805145264,338.0,0.0606,0.021621621621621626,-184.0,0.0774993896484375,595.0,475.0,0.0273972602739726,-40.0,0.015671491622924805,153.0,0.0505,0.03289473684210526,148.0,0.0,,,0.14300000000000002,0.0101,0.0,242,0,,,0.192,0.0707,0.03,683,64.85110688209534,"[3, 4, 1, 0, 2]","[0;20;60;120;120]",0.192,0.0707,0.03,683,71.43149471282959,"[3, 4, 1, 0, 2]","[0;20;60;120;120]"
RV11/BB11036,8.0,370.0,0.24,0.011428571428571429,-4540.0,519.0,0.23,0.00909090909090909,-5527.0,10.566936016082764,385.0,102.0,0.013136288998357963,-5443.0,0.10898542404174803,0.4920000000000001,202.0,0.00984251968503937,-5324.0,0.20879244804382324,0.0125,0.013,0.0018148820326678765,-5642.0,0.0,,,0.0155,0.00217,0.0,-4604,0,,,0.0395,0.00217,0.0,1830,42000.27548146248,"[2, 0, 1, 5, 6, 3, 7, 4]","[0;56;323;1058;2161;3043;3434;3434]",0.0395,0.00217,0.0,1988,44835.09714722633,"[2, 0, 1, 3, 4, 5, 6, 7]","[0;56;329;1142;2251;3103;3488;3488]"
RV11/BB11037,5.0,523.0,0.0,0.0031821797931583136,-5577.0,453.0,253.0,0.003134796238244514,-6387.0,5.095213890075684,273.0,0.14,0.00406173842404549,-5872.0,0.11569714546203612,311.0,115.0,0.006600660066006601,-5409.0,0.21815156936645508,0.0,0.0,0.0,0.0,0.0,,,0.0,0.0,0.0,0,0,,,0.0,0.0,0,0,0,0,0,0.0,0.0,0,0,0,0,0
RV11/BB11038,8.0,364.0,0.23,0.012448132780082987,-8103.0,0.6729999999999999,284.0,0.012244897959183671,-8179.0,3.739555358886719,0.59,205.0,0.011734028683181227,-8198.0,0.11360716819763185,593.0,182.0,0.014144271570014143,-7548.0,0.2002136707305908,0.00982,0.00575,0.0013280212483399733,-8996.0,0.0,,,0.00864,0.0,0.0,-7109,0,,,0.0298,0.0,0.0,1157,47713.60315465927,"[2, 0, 4, 7, 5, 1, 6, 3]","[0;56;319;991;1980;2924;3334;3334]",0.0298,0.0,0.0,1177,42176.38785862923,"[2, 0, 5, 4, 6, 1, 7, 3]","[0;56;316;970;1832;2667;3124;3124]"
RV12/BB12001,11.0,458.0,0.0,0.038523274478330656,-107.0,807.0,522.0,0.038338658146964855,-1687.0,11.703650951385498,763.0,0.41,0.036036036036036036,-2057.0,0.14678740501403809,0.78,463.0,0.03715670436187399,-1146.0,0.2598419189453125,0.0,0.0,0.0,0.0,0.0,,,0.0,0.0,0.0,0,0,,,0.0,0.0,0,0,0,0,0,0.0,0.0,0,0,0,0,0
RV12/BB12002,6.0,208.0,0.26,0.037037037037037035,-597.0,905.0,764.0,0.036734693877551024,-611.0,1.4498560428619385,909.0,0.75,0.040816326530612235,-523.0,0.08333253860473633,0.93,815.0,0.04132231404958678,-521.0,0.03551125526428224,486.0,0.12,0.023346303501945533,-1302.0,0.0,,,401.0,0.00463,0.010714285714285714,-538,0,,,0.459,0.167,0.03,667,2064.3580389022827,"[2, 0, 1, 5, 4, 3]","[0;30;118;324;546;546]",0.459,0.167,0.03,667,1472.0146789550781,"[2, 0, 1, 5, 4, 3]","[0;30;118;324;549;549]"
RV12/BB12003,8.0,71.0,0.28,0.08695652173913042,1902.0,0.8420000000000001,0.5820000000000001,0.0851063829787234,1695.0,0.7132217884063721,897.0,0.67,0.08695652173913042,1798.0,0.0755000114440918,887.0,0.78,0.08333333333333333,1698.0,0.013133764266967772,0.189,0.022,0.011111111111111113,-115.0,0.0,,,0.15,11.0,0.0,-253,0,,,0.595,0.231,0.07,3137,2598.8492670059204,"[3, 4, 7, 0, 2, 5, 1, 6]","[0;56;336;1348;2675;3400;3687;3687]",0.595,0.231,0.07,3129,2126.451872110367,"[3, 4, 7, 0, 2, 6, 1, 5]","[0;56;336;1430;2788;3453;3692;3692]"
RV12/BB12004,15.0,248.0,0.0,0.05448717948717949,3075.0,897.0,609.0,0.05787781350482315,2426.0,5.5304388999938965,899.0,598.0,0.05538461538461538,2752.0,0.10138440132141112,929.0,733.0,0.05431309904153354,2793.0,0.12168216705322266,0.0,0.0,0.0,0.0,0.0,,,0.0,0.0,0.0,0,0,,,0.0,0.0,0,0,0,0,0,0.0,0.0,0,0,0,0,0
RV12/BB12005,9.0,209.0,0.28,0.03875968992248062,753.0,868.0,0.5820000000000001,0.04296875,752.0,5.1664767265319815,0.8170000000000001,511.0,0.03754266211604096,1082.0,0.0862724781036377,882.0,0.5820000000000001,0.038314176245210725,965.0,0.04430294036865234,177.0,0.004220000000000001,0.0036231884057971015,-4146.0,0.0,,,175.0,0.0,0.0,-2946,0,,,0.576,0.198,0.04,3804,24275.380135059357,"[0, 5, 3, 4, 6, 1, 8, 2, 7]","[0;72;490;1897;3567;4238;4409;4451;4451]+",0.576,0.198,0.04,3801,21835.156428575516,"[3, 5, 4, 8, 7, 0, 2, 1, 6]","[0;72;499;2048;3628;4245;4417;4457;4457]"
RV12/BB12006,4.0,232.0,0.28,0.10612244897959183,99.0,0.8959999999999999,0.8490000000000001,0.10612244897959183,100.0,1.9757053852081297,871.0,0.8029999999999999,0.1015625,113.0,0.0755617618560791,935.0,882.0,0.11020408163265306,110.0,0.014245033264160156,0.77,613.0,0.1195219123505976,283.0,0.0,,,0.6679999999999999,529.0,0.1064638783269962,490,0,,,0.666,0.521,0.11,487,80.10244011878967,"[1, 3, 0, 2]","[0;12;24;24]",0.666,0.521,0.11,487,51.35304260253906,"[1, 3, 0, 2]","[0;12;24;24]"
RV12/BB12007,8.0,1020.0,0.0,0.0894695170229612,4256.0,0.8290000000000001,602.0,0.08841940532081377,4100.0,8.191667556762695,789.0,0.5379999999999999,0.08477119279819954,3343.0,0.2758069038391113,833.0,606.0,0.09033778476040848,4535.0,0.5973100662231445,0.0,0.0,0.0,0.0,0.0,,,0.0,0.0,0.0,0,0,,,0.0,0.0,0,0,0,0,0,0.0,0.0,0,0,0,0,0
RV12/BB12008,13.0,436.0,0.0,0.016304347826086956,-5642.0,892.0,488.0,0.016393442622950817,-5119.0,9.934951543807985,841.0,0.41,0.016107382550335572,-6142.0,0.16508960723876953,868.0,416.0,0.01729106628242075,-5467.0,0.3564138412475586,0.0,0.0,0.0,0.0,0.0,,,0.0,0.0,0.0,0,0,,,0.0,0.0,0,0,0,0,0,0.0,0.0,0,0,0,0,0
RV12/BB12009,5.0,112.0,0.21,0.03515625,909.0,888.0,0.6729999999999999,0.035294117647058816,914.0,0.4773237705230713,831.0,0.5820000000000001,0.04296875,1005.0,0.07911491394042969,784.0,602.0,0.0390625,917.0,0.013080835342407228,187.0,51.0,0.007575757575757577,947.0,0.0,,,0.0824,0.0,0.0039215686274509795,974,0,,,0.148,0.0,0.01,1646,859.8891353607178,"[1, 2, 0, 4, 3]","[0;20;60;117;117]",0.148,0.0,0.01,1646,155.04798412322998,"[1, 2, 0, 4, 3]","[0;20;60;120;120]"
RV12/BB12010,7.0,348.0,0.27,0.048888888888888885,-329.0,895.0,691.0,0.046875,-494.0,6.236159563064575,0.8420000000000001,0.57,0.04814004376367615,-539.0,0.10659003257751463,865.0,0.6459999999999999,0.05518763796909492,-318.0,0.0928950309753418,159.0,0.0158,0.0020964360587002093,-4243.0,0.0,,,0.0467,0.0,0.0,-3480,0,,,0.563,0.216,0.04,3526,16655.735084295273,"[2, 3, 1, 0, 5, 4, 6]","[0;42;210;696;1360;1867;1867]",0.563,0.216,0.04,3526,16646.286628723145,"[2, 3, 1, 0, 5, 4, 6]","[0;42;209;719;1459;2018;2018]"
RV12/BB12011,12.0,869.0,0.0,0.016776075857038657,-14919.0,0.6970000000000001,495.0,0.0161177295024527,-16609.0,13.305878400802612,636.0,409.0,0.016371971185330715,-19443.0,0.3619861602783203,0.7070000000000001,468.0,0.016546762589928057,-14820.0,1.192901849746704,0.0,0.0,0.0,0.0,0.0,,,0.0,0.0,0.0,0,0,,,0.0,0.0,0,0,0,0,0,0.0,0.0,0,0,0,0,0
RV12/BB12012,4.0,373.0,0.25,0.06324786324786325,-445.0,0.5579999999999999,0.41,0.0663265306122449,-444.0,3.2322030067443848,516.0,373.0,0.08061749571183534,-182.0,0.08738875389099121,545.0,419.0,0.07586206896551724,-374.0,0.06552505493164062,308.0,0.15,0.05670103092783505,-99.0,0.0,,,0.0546,0.0,0.007259528130671506,816,0,,,0.0534,0.0,0.03,1424,121.17414784431458,"[3, 2, 0, 1]","[0;12;24;24]",0.0534,0.0,0.03,1424,119.1688461303711,"[3, 2, 0, 1]","[0;12;24;24]"
RV12/BB12013,8.0,709.0,0.0,0.0934131736526946,3929.0,915.0,755.0,0.08896797153024913,3755.0,6.0849664211273184,856.0,599.0,0.0867178924259056,3165.0,0.16548633575439453,915.0,775.0,0.09352517985611512,3905.0,0.3092358112335205,0.0,0.0,0.0,0.0,0.0,,,0.0,0.0,0.0,0,0,,,0.0,0.0,0,0,0,0,0,0.0,0.0,0,0,0,0,0
RV12/BB12014,9.0,97.0,0.23,0.01486988847583643,-1998.0,904.0,527.0,0.015503875968992246,-1963.0,1.3991787433624268,0.8270000000000001,0.35100000000000003,0.015444015444015444,-1809.0,0.0786292552947998,0.8490000000000001,0.52,0.01556420233463035,-1882.0,0.03556251525878906,134.0,0.0,0.0,-3223.0,0.0,,,0.0921,0.0,0.0,-3224,0,,,0.246,0.0,0.01,-438,4633.556678056717,"[7, 6, 2, 8, 5, 4, 3, 1, 0]","[0;72;392;938;1491;2201;2874;3289;3289]",0.246,0.0,0.0,-369,4402.171740055084,"[3, 2, 7, 4, 8, 5, 6, 1, 0]","[0;72;382;745;1213;1829;2627;3184;3184]"
RV12/BB12015,12.0,192.0,0.0,0.00957854406130268,-3029.0,852.0,0.4,0.009328358208955223,-2520.0,3.77148175239563,0.7709999999999999,309.0,0.009057971014492754,-1781.0,0.09130287170410156,0.84,0.35100000000000003,0.009380863039399627,-2905.0,0.1110837459564209,0.0,0.0,0.0,0.0,0.0,,,0.0,0.0,0.0,0,0,,,0.0,0.0,0,0,0,0,0,0.0,0.0,0,0,0,0,0
RV12/BB12016,5.0,494.0,0.17,0.010577705451586657,-6603.0,0.8029999999999999,0.8029999999999999,0.010594947025264874,-6510.0,1.9771375656127927,772.0,0.72,0.011111111111111113,-6521.0,0.12042069435119628,853.0,872.0,0.010594947025264874,-6474.0,0.2298591136932373,0.0451,0.0683,0.0008984725965858043,-6359.0,0.0,,,227.0,386.0,0.0008156606851549756,-5501,0,,,0.257,0.39,0.0,-4087,1888.436862230301,"[3, 1, 2, 0, 4]","[0;20;60;119;119]",0.257,0.39,0.0,-4087,1898.3818359375,"[3, 1, 2, 0, 4]","[0;20;60;119;119]"
RV12/BB12017,7.0,472.0,0.28,0.06313993174061433,947.0,0.8859999999999999,0.7240000000000001,0.06712564543889846,987.0,5.8213655948638925,0.8320000000000001,649.0,0.06732348111658458,1095.0,0.12075972557067872,0.85,664.0,0.06689536878216124,785.0,0.13901948928833008,0.22,0.0194,0.01206896551724138,-4371.0,0.0,,,237.0,0.0272,0.005535055350553504,-4213,0,,,0.527,0.186,0.06,4567,28555.44951415062,"[4, 3, 2, 6, 0, 1, 5]","[0;42;210;786;1708;2273;2273]",0.527,0.186,0.06,4523,27733.329550266266,"[4, 3, 2, 5, 0, 1, 6]","[0;42;209;768;1617;2198;2198]"
RV12/BB12018,4.0,833.0,0.0,0.1880081300813008,1895.0,914.0,0.8440000000000001,0.1880081300813008,1815.0,3.0762383937835693,893.0,831.0,0.193515704154002,2033.0,0.12761807441711426,902.0,831.0,0.19004065040650409,1953.0,0.10317754745483396,0.0,0.0,0.0,0.0,0.0,,,0.0,0.0,0.0,0,0,,,0.0,0.0,0,0,0,0,0,0.0,0.0,0,0,0,0,0
RV12/BB12019,5.0,727.0,0.0,0.10576923076923077,828.0,0.6779999999999999,488.0,0.11175785797438882,2017.0,4.977620601654053,0.6659999999999999,477.0,0.11073446327683616,2085.0,0.13452720642089844,0.67,485.0,0.11254396248534584,2055.0,0.14500761032104492,0.0,0.0,0.0,0.0,0.0,,,0.0,0.0,0.0,0,0,,,0.0,0.0,0,0,0,0,0,0.0,0.0,0,0,0,0,0
RV12/BB12020,4.0,125.0,0.26,0.12056737588652484,341.0,309.0,0.0472,0.05612244897959184,-276.0,0.3793714046478272,805.0,0.74,0.11409395973154365,353.0,0.0747838020324707,0.8109999999999999,0.7090000000000001,0.11428571428571427,295.0,0.010167598724365234,605.0,409.0,0.1292517006802721,543.0,0.0,,,623.0,433.0,0.11805555555555555,551,0,,,0.612,0.417,0.12,609,16.22491478919983,"[3, 2, 0, 1]","[0;12;24;24]",0.612,0.417,0.12,609,14.262460708618164,"[3, 2, 0, 1]","[0;12;24;24]"
RV12/BB12021,6.0,75.0,0.3,0.07954545454545454,992.0,0.8640000000000001,741.0,0.08045977011494253,939.0,0.7481338977813721,0.7340000000000001,531.0,0.08602150537634409,1004.0,0.07292318344116211,0.8420000000000001,691.0,0.07865168539325842,905.0,0.008554458618164062,502.0,136.0,0.08045977011494253,582.0,0.0,,,485.0,259.0,0.019417475728155338,643,0,,,0.593,0.296,0.08,1416,218.320068359375,"[2, 0, 3, 5, 1, 4]","[0;30;120;360;687;687]",0.593,0.296,0.08,1416,206.13109135627747,"[2, 0, 3, 5, 1, 4]","[0;30;120;354;649;649]"
RV12/BB12022,5.0,250.0,0.18,0.030508474576271188,-784.0,772.0,532.0,0.036000000000000004,-668.0,0.16417360305786133,0.71,0.44,0.034220532319391636,-526.0,0.0844278335571289,727.0,523.0,0.03386454183266932,-727.0,0.07127261161804199,0.26,326.0,0.002074688796680498,-651.0,0.0,,,237.0,326.0,0.0,-239,0,,,0.292,0.339,0.02,1005,468.4684875011444,"[2, 3, 4, 1, 0]","[0;20;60;120;120]",0.292,0.339,0.02,1005,460.5897672176361,"[2, 3, 4, 1, 0]","[0;20;60;120;120]"
RV12/BB12023,5.0,704.0,0.0,0.1090458488228005,3643.0,0.8590000000000001,742.0,0.11166253101736973,3660.0,2.4355638027191158,0.8109999999999999,0.6709999999999999,0.10978520286396183,3592.0,0.1158895492553711,846.0,735.0,0.10877626699629173,3543.0,0.10614681243896484,0.0,0.0,0.0,0.0,0.0,,,0.0,0.0,0.0,0,0,,,0.0,0.0,0,0,0,0,0,0.0,0.0,0,0,0,0,0
RV12/BB12024,4.0,243.0,0.3,0.14736842105263154,544.0,928.0,868.0,0.1619718309859155,489.0,0.4269607067108154,877.0,782.0,0.16083916083916086,585.0,0.08149981498718263,904.0,0.8190000000000001,0.1619718309859155,520.0,0.02138209342956543,732.0,0.5429999999999999,0.15845070422535212,817.0,0.0,,,732.0,0.5429999999999999,0.15845070422535212,817,0,,,0.715,0.564,0.16,967,48.985928773880005,"[0, 2, 3, 1]","[0;12;24;24]",0.715,0.564,0.16,967,49.34966421127319,"[0, 2, 3, 1]","[0;12;24;24]"
RV12/BB12025,4.0,202.0,0.24,0.05226480836236934,-420.0,648.0,381.0,0.052805280528052806,-426.0,0.12821388244628906,603.0,404.0,0.05128205128205128,-425.0,0.08208131790161133,0.66,454.0,0.05594405594405594,-386.0,0.02175736427307129,369.0,0.0963,0.046610169491525424,240.0,0.0,,,354.0,0.0917,0.04602510460251046,247,0,,,0.358,0.101,0.04,332,34.17425012588501,"[0, 2, 1, 3]","[0;12;24;24]",0.358,0.101,0.04,332,35.5931441783905,"[0, 2, 1, 3]","[0;12;24;24]"
RV12/BB12026,18.0,267.0,0.0,0.05152224824355972,4595.0,858.0,0.5379999999999999,0.05080831408775981,3758.0,6.583355903625487,809.0,0.5,0.04651162790697674,3169.0,0.11985588073730467,863.0,586.0,0.05128205128205128,5189.0,0.22831010818481445,0.0,0.0,0.0,0.0,0.0,,,0.0,0.0,0.0,0,0,,,0.0,0.0,0,0,0,0,0,0.0,0.0,0,0,0,0,0
RV12/BB12027,13.0,470.0,0.0,0.0213089802130898,56.0,894.0,0.5870000000000001,0.020926756352765318,444.0,16.39213752746582,0.8759999999999999,502.0,0.0211864406779661,351.0,0.15917563438415527,0.85,0.5329999999999999,0.021052631578947368,275.0,0.5634431838989258,0.0,0.0,0.0,0.0,0.0,,,0.0,0.0,0.0,0,0,,,0.0,0.0,0,0,0,0,0,0.0,0.0,0,0,0,0,0
RV12/BB12028,8.0,294.0,0.24,0.03468208092485549,-1923.0,735.0,393.0,0.03148148148148148,-2725.0,2.3998618125915527,0.6920000000000001,325.0,0.034926470588235295,-1785.0,0.10436248779296876,685.0,312.0,0.0297951582867784,-2323.0,0.12588858604431152,39.0,0.0,0.0,-3841.0,0.0,,,0.0289,0.0,0.0,-3848,0,,,0.238,0.0228,0.0,4262,29148.843787908554,"[2, 1, 0, 4, 5, 6, 7, 3]","[0;56;330;1132;2279;3195;3554;3554]",0.238,0.0228,0.01,4311,29278.856691122055,"[3, 0, 4, 1, 6, 7, 5, 2]","[0;56;321;1087;2246;3168;3552;3552]"
RV12/BB12029,12.0,444.0,0.0,0.03180212014134275,-43.0,0.7929999999999999,557.0,0.033216783216783216,256.0,7.143805742263794,0.76,527.0,0.03130148270181219,1059.0,0.13989830017089844,792.0,0.5589999999999999,0.03202846975088968,1746.0,0.3277993202209473,0.0,0.0,0.0,0.0,0.0,,,0.0,0.0,0.0,0,0,,,0.0,0.0,0,0,0,0,0,0.0,0.0,0,0,0,0,0
RV12/BB12030,6.0,790.0,0.0,0.028869286287089013,-7353.0,737.0,475.0,0.02995951417004048,-6525.0,7.025471687316895,703.0,454.0,0.029141104294478526,-6800.0,0.18073034286499026,733.0,484.0,0.03173311635475997,-6630.0,0.7129948139190674,0.0,0.0,0.0,0.0,0.0,,,0.0,0.0,0.0,0,0,,,0.0,0.0,0,0,0,0,0,0.0,0.0,0,0,0,0,0
RV12/BB12031,10.0,919.0,0.0,0.06428571428571428,5864.0,0.78,537.0,0.0684811237928007,6656.0,11.53536343574524,733.0,0.51,0.06304868316041501,7137.0,0.2928299903869629,0.7929999999999999,0.5670000000000001,0.06993642143505904,8449.0,0.9264595508575441,0.0,0.0,0.0,0.0,0.0,,,0.0,0.0,0.0,0,0,,,0.0,0.0,0,0,0,0,0,0.0,0.0,0,0,0,0,0
RV12/BB12032,9.0,66.0,0.28,0.08823529411764706,2409.0,768.0,514.0,0.05882352941176471,1471.0,1.7637779712677002,841.0,0.5710000000000001,0.0891089108910891,2340.0,0.07360005378723145,755.0,0.4,0.08823529411764706,2188.0,0.014286994934082031,0.35700000000000004,0.0571,0.01,-478.0,0.0,,,266.0,0.0429,0.0,-331,0,,,0.464,0.2,0.09,3599,2402.300103187561,"[8, 2, 3, 6, 7, 5, 0, 1, 4]","[0;72;501;2118;3664;4260;4409;4441;4441]",0.464,0.2,0.09,3614,2675.955770254135,"[5, 2, 3, 4, 8, 7, 0, 1, 6]","[0;72;499;1931;3475;4194;4390;4440;4440]"
RV12/BB12033,7.0,454.0,0.25,0.026582278481012658,-4240.0,634.0,338.0,0.02429667519181585,-3609.0,3.0604534149169917,616.0,307.0,0.026159334126040427,-3473.0,0.13098645210266113,583.0,263.0,0.027272727272727268,-3130.0,0.16315746307373047,0.0235,0.0,0.00125,-5139.0,0.0,,,0.008759999999999999,0.0,0.0,-2269,0,,,0.0673,0.00792,0.0,3991,31662.435787677765,"[2, 0, 3, 6, 5, 1, 4]","[0;42;208;639;1306;1919;1919]",0.0673,0.00792,0.0,3991,33288.246801137924,"[2, 0, 3, 6, 5, 1, 4]","[0;42;208;699;1458;2042;2042]"
RV12/BB12034,4.0,276.0,0.28,0.10679611650485436,192.0,899.0,0.8190000000000001,0.10130718954248366,161.0,0.9182088375091552,885.0,0.78,0.10967741935483873,229.0,0.08492112159729004,0.8759999999999999,0.78,0.10423452768729642,139.0,0.02477121353149414,615.0,426.0,0.11400651465798045,467.0,0.0,,,0.6459999999999999,448.0,0.09235668789808917,468,0,,,0.678,0.523,0.11,617,156.50222277641296,"[0, 1, 2, 3]","[0;12;24;24]",0.678,0.523,0.11,617,76.01517105102539,"[0, 1, 2, 3]","[0;12;24;24]"
RV12/BB12035,27.0,260.0,0.0,0.02839756592292089,10794.0,0.85,337.0,0.027613412228796843,2869.0,12.523314476013185,0.8370000000000001,331.0,0.029013539651837526,7501.0,0.14914345741271973,868.0,499.0,0.030060120240480964,8349.0,0.4062795639038086,0.0,0.0,0.0,0.0,0.0,,,0.0,0.0,0.0,0,0,,,0.0,0.0,0,0,0,0,0,0.0,0.0,0,0,0,0,0
RV12/BB12036,7.0,209.0,0.3,0.09663865546218488,822.0,958.0,898.0,0.10084033613445376,791.0,0.5370578765869141,887.0,736.0,0.10288065843621401,733.0,0.08050203323364258,942.0,902.0,0.10084033613445376,730.0,0.03238654136657715,462.0,247.0,0.04098360655737705,-340.0,0.0,,,364.0,0.0723,24.0,-503,0,,,0.472,0.166,0.03,2123,7042.348957061768,"[0, 5, 4, 1, 2, 3, 6]","[0;42;210;784;1689;2272;2272]",0.472,0.166,0.03,2123,6636.803716182709,"[0, 5, 4, 1, 2, 3, 6]","[0;42;210;783;1680;2269;2269]"
RV12/BB12037,13.0,734.0,0.0,0.006548788474132285,-31482.0,804.0,476.0,0.006885245901639346,-32108.0,19.31802892684936,0.63,228.0,0.006664550936210727,-36552.0,0.5110542774200441,731.0,379.0,0.006818181818181818,-32027.0,1.7215440273284912,0.0,0.0,0.0,0.0,0.0,,,0.0,0.0,0.0,0,0,,,0.0,0.0,0,0,0,0,0,0.0,0.0,0,0,0,0,0
RV12/BB12038,10.0,492.0,0.23,0.007770961145194273,-15185.0,816.0,0.41,0.007761437908496731,-15056.0,7.023353815078735,755.0,324.0,0.008807045636509208,-14810.0,0.2057943344116211,799.0,345.0,0.007790077900779008,-14473.0,0.8071007728576659,0.0155,0.0,0.0,-21115.0,0.0,,,0.0174,0.0,0.0,-20324,0,,,0.179,0.0,0.0,1050,266421.1926538944,"[3, 1, 2, 5, 6, 9, 8, 7, 0, 4]","[0;90;519;1163;2190;3573;4487;4813;4892;4892]",0.179,0.0,0.0,1010,208153.90174603462,"[7, 1, 8, 5, 9, 6, 4, 3, 0, 2]","[0;90;502;941;1390;2070;3077;4006;4423;4423]"
RV12/BB12039,11.0,103.0,0.0,0.019780219780219783,573.0,813.0,451.0,0.017543859649122806,172.0,0.7789099216461182,0.8240000000000001,441.0,0.01973684210526316,608.0,0.08520674705505371,863.0,0.52,0.019780219780219783,800.0,0.058179378509521484,0.0,0.0,0.0,0.0,0.0,,,0.0,0.0,0.0,0,0,,,0.0,0.0,0,0,0,0,0,0.0,0.0,0,0,0,0,0
RV12/BB12040,5.0,132.0,0.26,0.07926829268292683,-28.0,933.0,0.8320000000000001,0.07926829268292683,-63.0,0.07188534736633301,774.0,564.0,0.09467455621301776,-59.0,0.08202838897705078,926.0,852.0,0.07878787878787878,-47.0,0.01668405532836914,532.0,289.0,0.04733727810650888,79.0,0.0,,,491.0,228.0,0.047058823529411764,156,0,,,0.534,0.282,0.06,519,113.44250011444092,"[2, 3, 0, 4, 1]","[0;20;60;118;118]",0.534,0.282,0.06,519,93.17859554290771,"[2, 3, 0, 4, 1]","[0;20;60;120;120]"
RV12/BB12041,7.0,113.0,0.27,0.0974025974025974,1734.0,606.0,248.0,0.05,1092.0,0.1432797908782959,618.0,395.0,0.1,1800.0,0.08014869689941406,637.0,403.0,0.08917197452229299,1319.0,0.018622636795043945,168.0,0.0,0.00641025641025641,-1007.0,0.0,,,277.0,0.0388,0.0,-168,0,,,0.491,0.194,0.1,3250,1812.765635251999,"[4, 3, 5, 1, 0, 6, 2]","[0;42;210;781;1619;2188;2188]",0.491,0.194,0.1,3310,1870.0026724338531,"[5, 4, 6, 1, 0, 3, 2]","[0;42;210;790;1672;2251;2251]"
RV12/BB12042,4.0,503.0,0.0,0.057283142389525366,-806.0,0.61,438.0,0.056089743589743585,-980.0,0.8600854873657227,639.0,471.0,0.06279434850863423,-877.0,0.09812736511230467,628.0,481.0,0.05987055016181229,-827.0,0.16681361198425293,0.0,0.0,0.0,0.0,0.0,,,0.0,0.0,0.0,0,0,,,0.0,0.0,0,0,0,0,0,0.0,0.0,0,0,0,0,0
RV12/BB12043,34.0,318.0,0.0,0.011450381679389313,-37600.0,0.8370000000000001,219.0,0.009793253536452664,-34307.0,30.54703998565674,775.0,131.0,0.008858267716535433,-38464.0,0.2544319629669189,826.0,218.0,0.010830324909747292,-35734.0,1.1738572120666504,0.0,0.0,0.0,0.0,0.0,,,0.0,0.0,0.0,0,0,,,0.0,0.0,0,0,0,0,0,0.0,0.0,0,0,0,0,0
RV12/BB12044,11.0,573.0,0.0,0.034106412005457026,1905.0,0.87,0.6629999999999999,0.036885245901639344,1377.0,8.348485231399536,0.8109999999999999,532.0,0.035897435897435895,1848.0,0.1727752685546875,825.0,0.5660000000000001,0.032520325203252036,2560.0,0.3184373378753662,0.0,0.0,0.0,0.0,0.0,,,0.0,0.0,0.0,0,0,,,0.0,0.0,0,0,0,0,0,0.0,0.0,0,0,0,0,0
RV20/BB20001,16.0,295.0,0.0,0.0,-25704.0,445.0,421.0,0.0,-23107.0,3.706140518188477,388.0,401.0,0.0,-19818.0,0.1427454948425293,0.45,0.41,0.0,-19578.0,0.7118816375732422,0.0,0.0,0.0,0.0,0.0,,,0.0,0.0,0.0,0,0,,,0.0,0.0,0,0,0,0,0,0.0,0.0,0,0,0,0,0
RV20/BB20002,20.0,601.0,0.0,0.0,-133771.0,227.0,0.0005269999999999999,0.0,-127310.0,69.91731357574463,225.0,0.0,0.0,-121002.0,0.5464417934417725,194.0,0.0,0.0,-108428.0,11.000641107559204,0.0,0.0,0.0,0.0,0.0,,,0.0,0.0,0.0,0,0,,,0.0,0.0,0,0,0,0,0,0.0,0.0,0,0,0,0,0
RV20/BB20003,74.0,449.0,0.0,0.004434589800443459,439904.0,943.0,261.0,0.0021164021164021165,440296.0,42.56080031394959,938.0,249.0,0.004887585532746823,447474.0,0.3935697078704834,948.0,234.0,0.004305705059203444,460821.0,2.599317073822021,0.0,0.0,0.0,0.0,0.0,,,0.0,0.0,0.0,0,0,,,0.0,0.0,0,0,0,0,0,0.0,0.0,0,0,0,0,0
RV20/BB20004,55.0,628.0,0.0,0.017718715393133997,345437.0,879.0,332.0,0.018008474576271187,415473.0,72.44373035430908,0.87,0.32299999999999995,0.01756198347107438,418246.0,0.4290356636047363,878.0,355.0,0.018027571580063628,426774.0,3.1392498016357417,0.0,0.0,0.0,0.0,0.0,,,0.0,0.0,0.0,0,0,,,0.0,0.0,0,0,0,0,0,0.0,0.0,0,0,0,0,0
RV20/BB20005,42.0,426.0,0.0,0.0014814814814814814,115280.0,764.0,117.0,0.0012853470437017994,92967.0,35.12420582771301,773.0,102.0,0.0013157894736842105,115715.0,0.2551693916320801,784.0,0.0919,0.0015082956259426848,124662.0,1.0552842617034912,0.0,0.0,0.0,0.0,0.0,,,0.0,0.0,0.0,0,0,,,0.0,0.0,0,0,0,0,0,0.0,0.0,0,0,0,0,0
RV20/BB20006,51.0,252.0,0.0,0.026785714285714284,103727.0,926.0,0.5760000000000001,0.027272727272727268,89692.0,20.32093596458435,937.0,468.0,0.022598870056497168,100437.0,0.17727160453796387,959.0,0.4920000000000001,0.02359882005899705,97565.0,0.5290391445159912,0.0,0.0,0.0,0.0,0.0,,,0.0,0.0,0.0,0,0,,,0.0,0.0,0,0,0,0,0,0.0,0.0,0,0,0,0,0
RV20/BB20007,23.0,408.0,0.0,0.009708737864077669,-7082.0,754.0,0.31,0.005576208178438661,-9422.0,20.57853484153748,0.7090000000000001,184.0,0.006069802731411229,-10505.0,0.18427610397338867,742.0,292.0,0.007272727272727274,-7286.0,0.5743725299835205,0.0,0.0,0.0,0.0,0.0,,,0.0,0.0,0.0,0,0,,,0.0,0.0,0,0,0,0,0,0.0,0.0,0,0,0,0,0
RV20/BB20008,56.0,522.0,0.0,0.0004928536224741252,-696101.0,478.0,0.0011300000000000001,0.0,-739865.0,113.84002447128296,505.0,0.0011300000000000001,0.0,-627957.0,1.0487020015716553,448.0,0.0005639999999999999,0.0,-551658.0,14.359293699264526,0.0,0.0,0.0,0.0,0.0,,,0.0,0.0,0.0,0,0,,,0.0,0.0,0,0,0,0,0,0.0,0.0,0,0,0,0,0
RV20/BB20009,29.0,367.0,0.0,0.021645021645021644,49618.0,925.0,0.54,0.016494845360824743,47737.0,10.28098201751709,894.0,442.0,0.024714828897338403,48427.0,0.14803791046142578,901.0,563.0,0.018867924528301886,50236.0,0.5177640914916992,0.0,0.0,0.0,0.0,0.0,,,0.0,0.0,0.0,0,0,,,0.0,0.0,0,0,0,0,0,0.0,0.0,0,0,0,0,0
RV20/BB20010,29.0,1044.0,0.0,0.005714285714285714,149645.0,852.0,535.0,0.005606166783461808,151851.0,73.27549648284912,0.82,446.0,0.006747638326585695,159989.0,0.6072196960449219,833.0,471.0,0.006460875807609475,158642.0,3.4718470573425293,0.0,0.0,0.0,0.0,0.0,,,0.0,0.0,0.0,0,0,,,0.0,0.0,0,0,0,0,0,0.0,0.0,0,0,0,0,0
RV20/BB20011,21.0,176.0,0.0,0.004581901489117984,-16304.0,0.8220000000000001,179.0,0.00443951165371809,-16606.0,5.1540396213531485,745.0,0.0358,0.0,-17379.0,0.13016343116760254,0.6990000000000001,0.0332,0.0,-16906.0,0.4729659557342529,0.0,0.0,0.0,0.0,0.0,,,0.0,0.0,0.0,0,0,,,0.0,0.0,0,0,0,0,0,0.0,0.0,0,0,0,0,0
RV20/BB20012,27.0,440.0,0.0,0.0042105263157894745,-34543.0,665.0,0.2,0.006147540983606557,-16514.0,17.84116125106811,648.0,0.16,0.008016032064128256,-13252.0,0.21799206733703613,632.0,0.0496,0.005862646566164154,-8607.0,1.286111831665039,0.0,0.0,0.0,0.0,0.0,,,0.0,0.0,0.0,0,0,,,0.0,0.0,0,0,0,0,0,0.0,0.0,0,0,0,0,0
RV20/BB20013,28.0,534.0,0.0,0.006930693069306932,-78337.0,622.0,142.0,0.008302583025830259,-75138.0,29.61742091178894,605.0,111.0,0.007506255212677232,-72127.0,0.2925424575805664,607.0,192.0,0.00862895493767977,-51199.0,1.3137238025665283,0.0,0.0,0.0,0.0,0.0,,,0.0,0.0,0.0,0,0,,,0.0,0.0,0,0,0,0,0,0.0,0.0,0,0,0,0,0
RV20/BB20014,65.0,292.0,0.0,0.003229278794402584,52511.0,815.0,147.0,0.0018467220683287165,24610.0,64.24850845336914,0.7959999999999999,0.0992,0.001402524544179523,34361.0,0.2778911590576172,802.0,131.0,0.003964321110009911,43608.0,2.6393356323242188,0.0,0.0,0.0,0.0,0.0,,,0.0,0.0,0.0,0,0,,,0.0,0.0,0,0,0,0,0,0.0,0.0,0,0,0,0,0
RV20/BB20015,37.0,193.0,0.0,0.0,-18779.0,473.0,0.0149,0.0,-14988.0,21.31298565864563,0.42,0.0149,0.0,2253.0,0.13411831855773926,0.4320000000000001,0.0149,0.0,-11562.0,0.5702433586120605,0.0,0.0,0.0,0.0,0.0,,,0.0,0.0,0.0,0,0,,,0.0,0.0,0,0,0,0,0,0.0,0.0,0,0,0,0,0
RV20/BB20016,27.0,211.0,0.0,0.003067484662576687,-35813.0,615.0,0.0195,0.0025575447570332483,-34237.0,8.196428537368773,0.5589999999999999,0.0216,0.0024691358024691358,-32702.0,0.15301012992858887,578.0,0.0216,0.0026385224274406327,-33982.0,0.6214752197265625,0.0,0.0,0.0,0.0,0.0,,,0.0,0.0,0.0,0,0,,,0.0,0.0,0,0,0,0,0,0.0,0.0,0,0,0,0,0
RV20/BB20017,45.0,652.0,0.0,0.026481715006305168,447460.0,937.0,516.0,0.024390243902439025,449345.0,79.47804069519044,917.0,404.0,0.023809523809523808,450169.0,0.3673100471496582,935.0,479.0,0.025735294117647058,456957.0,1.7398850917816162,0.0,0.0,0.0,0.0,0.0,,,0.0,0.0,0.0,0,0,,,0.0,0.0,0,0,0,0,0,0.0,0.0,0,0,0,0,0
RV20/BB20018,53.0,321.0,0.0,0.01627906976744186,136845.0,959.0,623.0,0.016091954022988506,132872.0,26.99546504020691,925.0,0.51,0.014705882352941175,131674.0,0.2030322551727295,959.0,586.0,0.016091954022988506,133271.0,0.8656272888183594,0.0,0.0,0.0,0.0,0.0,,,0.0,0.0,0.0,0,0,,,0.0,0.0,0,0,0,0,0,0.0,0.0,0,0,0,0,0
RV20/BB20019,24.0,485.0,0.0,0.007984031936127744,25922.0,846.0,211.0,0.009000000000000001,24161.0,33.197647094726555,794.0,0.0673,0.011969532100108813,27496.0,0.21974945068359367,818.0,115.0,0.015151515151515154,29774.0,0.6086039543151855,0.0,0.0,0.0,0.0,0.0,,,0.0,0.0,0.0,0,0,,,0.0,0.0,0,0,0,0,0,0.0,0.0,0,0,0,0,0
RV20/BB20020,16.0,288.0,0.0,0.016260162601626018,233.0,846.0,518.0,0.014876033057851241,-544.0,6.984357118606567,0.8320000000000001,463.0,0.016051364365971106,830.0,0.12290573120117188,845.0,491.0,0.016393442622950817,586.0,0.2086780071258545,0.0,0.0,0.0,0.0,0.0,,,0.0,0.0,0.0,0,0,,,0.0,0.0,0,0,0,0,0,0.0,0.0,0,0,0,0,0
RV20/BB20021,53.0,692.0,0.0,0.008051529790660225,457734.0,0.9,229.0,0.008116883116883116,471263.0,76.79578685760498,868.0,131.0,0.007530120481927711,465422.0,0.4796185493469238,882.0,0.16399999999999998,0.007556675062972292,474628.0,3.1895031929016118,0.0,0.0,0.0,0.0,0.0,,,0.0,0.0,0.0,0,0,,,0.0,0.0,0,0,0,0,0,0.0,0.0,0,0,0,0,0
RV20/BB20022,58.0,355.0,0.0,0.0060362173038229355,82869.0,883.0,375.0,0.006048387096774193,70945.0,32.35555028915405,0.8370000000000001,0.28,0.005692599620493359,80782.0,0.2426314353942871,858.0,0.36,0.006097560975609756,90730.0,1.2602787017822266,0.0,0.0,0.0,0.0,0.0,,,0.0,0.0,0.0,0,0,,,0.0,0.0,0,0,0,0,0,0.0,0.0,0,0,0,0,0
RV20/BB20023,31.0,217.0,0.0,0.006430868167202572,9087.0,826.0,259.0,0.005813953488372093,3828.0,11.148746252059937,0.76,117.0,0.006134969325153374,3088.0,0.12174749374389647,848.0,0.23,0.006535947712418301,10183.0,0.2508330345153809,0.0,0.0,0.0,0.0,0.0,,,0.0,0.0,0.0,0,0,,,0.0,0.0,0,0,0,0,0,0.0,0.0,0,0,0,0,0
RV20/BB20024,30.0,410.0,0.0,0.0,-15674.0,424.0,0.0963,0.0,2672.0,70.17359304428099,397.0,0.0824,0.0007183908045977011,8849.0,0.2916841506958008,414.0,0.0913,0.0009345794392523364,-492.0,1.9706127643585205,0.0,0.0,0.0,0.0,0.0,,,0.0,0.0,0.0,0,0,,,0.0,0.0,0,0,0,0,0,0.0,0.0,0,0,0,0,0
RV20/BB20025,81.0,433.0,0.0,0.005482456140350878,639342.0,928.0,371.0,0.006127450980392157,656838.0,72.85799717903137,909.0,243.0,0.003271537622682661,668125.0,0.3892984390258789,906.0,113.0,0.0,695143.0,2.9200472831726074,0.0,0.0,0.0,0.0,0.0,,,0.0,0.0,0.0,0,0,,,0.0,0.0,0,0,0,0,0,0.0,0.0,0,0,0,0,0
RV20/BB20026,32.0,604.0,0.0,0.006493506493506494,-185386.0,745.0,154.0,0.004893964110929853,-154514.0,110.61145758628844,722.0,124.0,0.005359877488514547,-151483.0,0.5156452655792236,0.73,138.0,0.004156275976724855,-149951.0,4.0213332176208505,0.0,0.0,0.0,0.0,0.0,,,0.0,0.0,0.0,0,0,,,0.0,0.0,0,0,0,0,0,0.0,0.0,0,0,0,0,0
RV20/BB20027,29.0,493.0,0.0,0.008185538881309686,-68498.0,695.0,135.0,0.0075709779179810735,-64454.0,40.91106986999512,0.6759999999999999,123.0,0.008114856429463172,-59772.0,0.3389594554901123,0.6779999999999999,0.13,0.00922266139657444,-58425.0,2.1181070804595947,0.0,0.0,0.0,0.0,0.0,,,0.0,0.0,0.0,0,0,,,0.0,0.0,0,0,0,0,0,0.0,0.0,0,0,0,0,0
RV20/BB20028,54.0,332.0,0.0,0.016973125884016973,197028.0,0.95,404.0,0.014745308310991957,212813.0,35.81544303894043,951.0,412.0,0.014608233731739709,201382.0,0.2358250617980957,953.0,389.0,0.015341701534170154,203565.0,1.3893847465515137,0.0,0.0,0.0,0.0,0.0,,,0.0,0.0,0.0,0,0,,,0.0,0.0,0,0,0,0,0,0.0,0.0,0,0,0,0,0
RV20/BB20029,29.0,102.0,0.0,0.0,2022.0,0.6970000000000001,0.0314,0.0,-156.0,4.336624622344972,0.6890000000000001,0.0314,0.0,2315.0,0.0913548469543457,0.6809999999999999,0.0314,0.0,3853.0,0.12005782127380372,0.0,0.0,0.0,0.0,0.0,,,0.0,0.0,0.0,0,0,,,0.0,0.0,0,0,0,0,0,0.0,0.0,0,0,0,0,0
RV20/BB20030,47.0,108.0,0.0,0.0,137679.0,0.89,0.0892,0.0,139260.0,5.4021055698394775,901.0,191.0,0.0,139764.0,0.10071158409118652,909.0,159.0,0.006289308176100629,136286.0,0.2037558555603028,0.0,0.0,0.0,0.0,0.0,,,0.0,0.0,0.0,0,0,,,0.0,0.0,0,0,0,0,0,0.0,0.0,0,0,0,0,0
RV20/BB20031,60.0,211.0,0.0,0.0036968576709796672,41992.0,0.8859999999999999,193.0,0.003780718336483932,30318.0,23.11777901649475,0.8540000000000001,118.0,0.003795066413662239,37655.0,0.15924072265625,0.8759999999999999,136.0,0.004140786749482402,44794.0,1.0367693901062012,0.0,0.0,0.0,0.0,0.0,,,0.0,0.0,0.0,0,0,,,0.0,0.0,0,0,0,0,0,0.0,0.0,0,0,0,0,0
RV20/BB20032,61.0,114.0,0.0,0.005952380952380952,126374.0,923.0,329.0,0.011111111111111113,129258.0,10.597697257995604,895.0,47.0,0.0051813471502590676,116681.0,0.11940884590148924,913.0,101.0,0.005649717514124294,121990.0,0.3928487300872803,0.0,0.0,0.0,0.0,0.0,,,0.0,0.0,0.0,0,0,,,0.0,0.0,0,0,0,0,0,0.0,0.0,0,0,0,0,0
RV20/BB20033,48.0,110.0,0.0,0.02873563218390805,104509.0,941.0,399.0,0.02890173410404624,108032.0,3.0812323093414307,922.0,247.0,0.03448275862068965,106625.0,0.09552502632141112,937.0,449.0,0.03389830508474576,105962.0,0.2093183994293213,0.0,0.0,0.0,0.0,0.0,,,0.0,0.0,0.0,0,0,,,0.0,0.0,0,0,0,0,0,0.0,0.0,0,0,0,0,0
RV20/BB20034,59.0,266.0,0.0,0.0,-53362.0,0.85,0.12,0.0,-64646.0,55.041457414627075,825.0,61.0,0.0,-67494.0,0.25452375411987305,0.86,183.0,0.0,-55020.0,2.361959457397461,0.0,0.0,0.0,0.0,0.0,,,0.0,0.0,0.0,0,0,,,0.0,0.0,0,0,0,0,0,0.0,0.0,0,0,0,0,0
RV20/BB20035,35.0,689.0,0.0,0.0016207455429497568,-11792.0,838.0,433.0,0.0015785319652722968,-3825.0,82.9815957546234,0.81,381.0,0.0030464584920030465,27285.0,0.43312811851501465,815.0,0.35600000000000004,0.001638001638001638,17856.0,4.4149746894836435,0.0,0.0,0.0,0.0,0.0,,,0.0,0.0,0.0,0,0,,,0.0,0.0,0,0,0,0,0,0.0,0.0,0,0,0,0,0
RV20/BB20036,91.0,130.0,0.0,0.002145922746781116,19107.0,804.0,0.00993,0.0,5.0,13.858075380325316,0.8029999999999999,0.0174,0.0,46259.0,0.17148756980895996,816.0,0.0174,0.002053388090349076,39605.0,1.5267040729522705,0.0,0.0,0.0,0.0,0.0,,,0.0,0.0,0.0,0,0,,,0.0,0.0,0,0,0,0,0,0.0,0.0,0,0,0,0,0
RV20/BB20037,65.0,491.0,0.0,0.004892367906066536,-45996.0,0.8370000000000001,125.0,0.004424778761061947,-37834.0,94.9009301662445,0.8029999999999999,0.0133,0.0035149384885764497,-55436.0,0.4886212348937988,0.8109999999999999,12.0,0.0020161290322580645,-27005.0,3.159147024154663,0.0,0.0,0.0,0.0,0.0,,,0.0,0.0,0.0,0,0,,,0.0,0.0,0,0,0,0,0,0.0,0.0,0,0,0,0,0
RV20/BB20038,42.0,115.0,0.0,0.015625,72345.0,917.0,0.32,0.008196721311475409,73221.0,5.6905364990234375,913.0,294.0,0.0199203187250996,75084.0,0.09631824493408203,921.0,315.0,0.008097165991902834,75658.0,0.2265634536743164,0.0,0.0,0.0,0.0,0.0,,,0.0,0.0,0.0,0,0,,,0.0,0.0,0,0,0,0,0,0.0,0.0,0,0,0,0,0
RV20/BB20039,91.0,425.0,0.0,0.005190311418685121,1235993.0,923.0,191.0,0.0016501650165016502,1208270.0,86.29081296920776,904.0,132.0,0.0030165912518853697,1209091.0,0.4156086444854736,906.0,136.0,0.0017761989342806395,1242524.0,3.2361996173858643,0.0,0.0,0.0,0.0,0.0,,,0.0,0.0,0.0,0,0,,,0.0,0.0,0,0,0,0,0,0.0,0.0,0,0,0,0,0
RV20/BB20040,87.0,482.0,0.0,0.011627906976744186,504951.0,0.8909999999999999,318.0,0.011180124223602485,536538.0,91.0976905822754,865.0,269.0,0.011098779134295227,495941.0,0.5020134449005127,893.0,338.0,0.011124845488257108,564239.0,4.525521993637085,0.0,0.0,0.0,0.0,0.0,,,0.0,0.0,0.0,0,0,,,0.0,0.0,0,0,0,0,0,0.0,0.0,0,0,0,0,0
RV20/BB20041,48.0,695.0,0.0,0.0060759493670886075,-343614.0,0.57,0.0985,0.005892255892255892,-244395.0,186.10773825645447,555.0,0.0817,0.004652827487473157,-235427.0,0.9104278087615968,556.0,0.0898,0.006481481481481481,-224315.0,7.820037603378296,0.0,0.0,0.0,0.0,0.0,,,0.0,0.0,0.0,0,0,,,0.0,0.0,0,0,0,0,0,0.0,0.0,0,0,0,0,0
RV30/BB30001,116.0,468.0,0.0,0.002107481559536354,-145796.0,851.0,0.35600000000000004,0.0031023784901758012,-266718.0,109.87418389320374,0.8240000000000001,308.0,0.0027958993476234857,-258370.0,0.6536533832550049,818.0,294.0,0.003128258602711157,-141381.0,6.6241087913513175,0.0,0.0,0.0,0.0,0.0,,,0.0,0.0,0.0,0,0,,,0.0,0.0,0,0,0,0,0,0.0,0.0,0,0,0,0,0
RV30/BB30002,31.0,540.0,0.0,0.006869479882237488,-68502.0,737.0,333.0,0.005752636625119847,-64771.0,30.03371810913086,0.73,317.0,0.00507185122569738,-57247.0,0.2722325325012207,726.0,284.0,0.004940711462450593,-57277.0,1.187967300415039,0.0,0.0,0.0,0.0,0.0,,,0.0,0.0,0.0,0,0,,,0.0,0.0,0,0,0,0,0,0.0,0.0,0,0,0,0,0
RV30/BB30003,142.0,407.0,0.0,0.0014104372355430185,-1616721.0,565.0,0.12,0.001256281407035176,-1728466.0,144.15824937820437,526.0,0.0737,0.0010570824524312897,-1778905.0,0.7200376987457275,545.0,0.0406,0.0013003901170351106,-1530882.0,8.272182464599611,0.0,0.0,0.0,0.0,0.0,,,0.0,0.0,0.0,0,0,,,0.0,0.0,0,0,0,0,0,0.0,0.0,0,0,0,0,0
RV30/BB30004,50.0,497.0,0.0,0.011494252873563218,-92542.0,826.0,398.0,0.011337868480725623,-109490.0,27.21762561798096,826.0,409.0,0.011917659804983749,-92543.0,0.2831776142120361,815.0,0.37,0.010465116279069769,-94391.0,1.7679245471954346,0.0,0.0,0.0,0.0,0.0,,,0.0,0.0,0.0,0,0,,,0.0,0.0,0,0,0,0,0,0.0,0.0,0,0,0,0,0
RV30/BB30005,113.0,479.0,0.0,0.003154574132492113,-221294.0,0.83,373.0,0.0031128404669260703,-174909.0,98.50734186172484,0.7879999999999999,0.35200000000000004,0.0030052592036063108,-236654.0,0.5475699901580809,0.8029999999999999,0.3670000000000001,0.0031821797931583136,-101260.0,8.234926223754883,0.0,0.0,0.0,0.0,0.0,,,0.0,0.0,0.0,0,0,,,0.0,0.0,0,0,0,0,0,0.0,0.0,0,0,0,0,0
RV30/BB30006,18.0,303.0,0.0,0.002074688796680498,-58177.0,672.0,468.0,0.0019047619047619048,-62085.0,10.931538820266724,649.0,0.45,0.0020491803278688526,-58915.0,0.15536046028137207,568.0,0.4270000000000001,0.0,-57750.0,0.5995783805847168,0.0,0.0,0.0,0.0,0.0,,,0.0,0.0,0.0,0,0,,,0.0,0.0,0,0,0,0,0,0.0,0.0,0,0,0,0,0
RV30/BB30007,24.0,140.0,0.0,0.0056306306306306295,-8016.0,0.8170000000000001,728.0,0.008375209380234505,-8319.0,1.331808090209961,762.0,706.0,0.008196721311475409,-10844.0,0.10920166969299316,713.0,0.6890000000000001,0.0051724137931034465,-10770.0,0.3988752365112305,0.0,0.0,0.0,0.0,0.0,,,0.0,0.0,0.0,0,0,,,0.0,0.0,0,0,0,0,0,0.0,0.0,0,0,0,0,0
RV30/BB30008,36.0,526.0,0.0,0.00778485491861288,-131897.0,691.0,0.28600000000000003,0.008468595624558928,-78189.0,25.49199938774109,652.0,263.0,0.00980392156862745,-70642.0,0.2671530246734619,635.0,275.0,0.010174418604651164,-62175.0,1.82623291015625,0.0,0.0,0.0,0.0,0.0,,,0.0,0.0,0.0,0,0,,,0.0,0.0,0,0,0,0,0,0.0,0.0,0,0,0,0,0
RV30/BB30009,38.0,171.0,0.0,0.0,-46772.0,342.0,0.0191,0.0,-70421.0,13.3077712059021,335.0,0.0191,0.0026954177897574125,-34979.0,0.11742091178894044,0.39,0.0191,0.0,-36046.0,0.38921499252319336,0.0,0.0,0.0,0.0,0.0,,,0.0,0.0,0.0,0,0,,,0.0,0.0,0,0,0,0,0,0.0,0.0,0,0,0,0,0
RV30/BB30010,50.0,655.0,0.0,0.008426966292134831,346415.0,908.0,435.0,0.008253094910591471,349351.0,54.08951282501221,877.0,342.0,0.008783783783783784,352802.0,0.4564089775085449,908.0,401.0,0.009142053445850914,364537.0,3.087754726409912,0.0,0.0,0.0,0.0,0.0,,,0.0,0.0,0.0,0,0,,,0.0,0.0,0,0,0,0,0,0.0,0.0,0,0,0,0,0
RV30/BB30011,65.0,328.0,0.0,0.014227642276422762,89339.0,941.0,552.0,0.013307984790874524,78714.0,36.656076431274414,927.0,504.0,0.012131715771230504,80502.0,0.2282440662384033,917.0,511.0,0.014028056112224449,78375.0,1.1681008338928225,0.0,0.0,0.0,0.0,0.0,,,0.0,0.0,0.0,0,0,,,0.0,0.0,0,0,0,0,0,0.0,0.0,0,0,0,0,0
RV30/BB30012,65.0,397.0,0.0,0.008383233532934131,-181457.0,0.7120000000000001,0.4,0.008225616921269096,-188634.0,42.629799365997314,705.0,383.0,0.007583965330444205,-182774.0,0.3552806377410889,705.0,421.0,0.008620689655172414,-166154.0,2.561657428741455,0.0,0.0,0.0,0.0,0.0,,,0.0,0.0,0.0,0,0,,,0.0,0.0,0,0,0,0,0,0.0,0.0,0,0,0,0,0
RV30/BB30013,86.0,656.0,0.0,0.006042296072507553,-375146.0,684.0,165.0,0.0047619047619047615,-421556.0,77.55107378959657,607.0,0.0888,0.0034883720930232558,-473618.0,0.7815010547637941,644.0,0.0921,0.004204625087596356,-261843.0,9.532498598098757,0.0,0.0,0.0,0.0,0.0,,,0.0,0.0,0.0,0,0,,,0.0,0.0,0,0,0,0,0,0.0,0.0,0,0,0,0,0
RV30/BB30014,44.0,217.0,0.0,0.0065146579804560255,-11064.0,885.0,461.0,0.006024096385542169,-25270.0,9.387069702148438,838.0,329.0,0.005681818181818182,-30534.0,0.13686323165893555,884.0,386.0,0.00641025641025641,-17934.0,0.4634425640106201,0.0,0.0,0.0,0.0,0.0,,,0.0,0.0,0.0,0,0,,,0.0,0.0,0,0,0,0,0,0.0,0.0,0,0,0,0,0
RV30/BB30015,21.0,270.0,0.0,0.005434782608695652,-24901.0,767.0,0.6409999999999999,0.002659574468085107,-24168.0,6.507807493209839,684.0,605.0,0.004054054054054054,-24385.0,0.11469793319702147,675.0,0.5920000000000001,0.0027855153203342627,-24129.0,0.4777238368988037,0.0,0.0,0.0,0.0,0.0,,,0.0,0.0,0.0,0,0,,,0.0,0.0,0,0,0,0,0,0.0,0.0,0,0,0,0,0
RV30/BB30016,37.0,291.0,0.0,0.0,-80725.0,414.0,0.0641,0.0,-73690.0,39.85626864433289,318.0,0.0164,0.0,-44563.0,0.22103667259216309,306.0,0.0345,0.0,-48019.0,3.4897866249084486,0.0,0.0,0.0,0.0,0.0,,,0.0,0.0,0.0,0,0,,,0.0,0.0,0,0,0,0,0,0.0,0.0,0,0,0,0,0
RV30/BB30017,15.0,313.0,0.0,0.004807692307692308,-10834.0,579.0,292.0,0.002267573696145125,-11559.0,3.423682689666748,599.0,224.0,0.006896551724137931,-10978.0,0.11485481262207033,573.0,287.0,0.0024630541871921183,-11613.0,0.2503492832183838,0.0,0.0,0.0,0.0,0.0,,,0.0,0.0,0.0,0,0,,,0.0,0.0,0,0,0,0,0,0.0,0.0,0,0,0,0,0
RV30/BB30018,78.0,438.0,0.0,0.010856453558504222,380580.0,909.0,359.0,0.009356725146198829,393038.0,70.91860270500183,0.8809999999999999,311.0,0.009153318077803205,398862.0,0.371190071105957,809.0,0.0952,0.0011862396204033216,439731.0,3.3571388721466064,0.0,0.0,0.0,0.0,0.0,,,0.0,0.0,0.0,0,0,,,0.0,0.0,0,0,0,0,0,0.0,0.0,0,0,0,0,0
RV30/BB30019,34.0,356.0,0.0,0.00641025641025641,-94652.0,662.0,171.0,0.006896551724137931,-82801.0,24.62089514732361,679.0,155.0,0.005917159763313609,-84307.0,0.2288000583648681,615.0,129.0,0.004296455424274973,-84159.0,1.7263917922973633,0.0,0.0,0.0,0.0,0.0,,,0.0,0.0,0.0,0,0,,,0.0,0.0,0,0,0,0,0,0.0,0.0,0,0,0,0,0
RV30/BB30020,56.0,151.0,0.0,0.0,-122451.0,654.0,0.0906,0.0,-136215.0,15.992763757705688,593.0,0.00307,0.0,-137776.0,0.16473841667175293,0.59,0.0661,0.0,-133524.0,3.183594226837158,0.0,0.0,0.0,0.0,0.0,,,0.0,0.0,0.0,0,0,,,0.0,0.0,0,0,0,0,0,0.0,0.0,0,0,0,0,0
RV30/BB30021,140.0,218.0,0.0,0.003169572107765452,-907469.0,627.0,392.0,0.0030959752321981426,-976701.0,37.94053244590759,629.0,349.0,0.0031201248049922,-1005201.0,0.2836642265319824,598.0,353.0,0.003289473684210526,-918987.0,5.782959938049316,0.0,0.0,0.0,0.0,0.0,,,0.0,0.0,0.0,0,0,,,0.0,0.0,0,0,0,0,0,0.0,0.0,0,0,0,0,0
RV30/BB30022,66.0,110.0,0.0,0.016129032258064516,128608.0,831.0,272.0,0.012096774193548387,115813.0,6.915236711502075,812.0,198.0,0.011673151750972765,111750.0,0.12736177444458008,816.0,203.0,0.011904761904761904,113590.0,0.4459409713745117,0.0,0.0,0.0,0.0,0.0,,,0.0,0.0,0.0,0,0,,,0.0,0.0,0,0,0,0,0,0.0,0.0,0,0,0,0,0
RV30/BB30023,77.0,275.0,0.0,0.0,-210881.0,0.7909999999999999,224.0,0.0,-233987.0,41.759721517562866,747.0,128.0,0.0,-255386.0,0.3142237663269043,722.0,0.14300000000000002,0.0,-197865.0,3.8057646751403813,0.0,0.0,0.0,0.0,0.0,,,0.0,0.0,0.0,0,0,,,0.0,0.0,0,0,0,0,0,0.0,0.0,0,0,0,0,0
RV30/BB30024,69.0,490.0,0.0,0.0016460905349794238,-734918.0,726.0,448.0,0.001579778830963665,-734640.0,59.37593960762024,708.0,407.0,0.0015174506828528073,-685243.0,0.5255153179168701,731.0,407.0,0.0016220600162206002,-681661.0,6.785106182098389,0.0,0.0,0.0,0.0,0.0,,,0.0,0.0,0.0,0,0,,,0.0,0.0,0,0,0,0,0,0.0,0.0,0,0,0,0,0
RV30/BB30025,74.0,141.0,0.0,0.002008032128514056,-196414.0,603.0,114.0,0.0018148820326678765,-221082.0,13.33781623840332,0.5710000000000001,0.0273,0.002751031636863824,-198123.0,0.1483156681060791,0.6579999999999999,0.0545,0.0014534883720930232,-190260.0,1.8714797496795648,0.0,0.0,0.0,0.0,0.0,,,0.0,0.0,0.0,0,0,,,0.0,0.0,0,0,0,0,0,0.0,0.0,0,0,0,0,0
RV30/BB30026,81.0,411.0,0.0,0.004813477737665464,-404159.0,743.0,247.0,0.005537098560354375,-377912.0,80.10409402847291,742.0,243.0,5.0,-410314.0,0.458096981048584,0.7340000000000001,212.0,0.005938242280285036,-380386.0,3.569998025894165,0.0,0.0,0.0,0.0,0.0,,,0.0,0.0,0.0,0,0,,,0.0,0.0,0,0,0,0,0,0.0,0.0,0,0,0,0,0
RV30/BB30027,20.0,105.0,0.0,0.016736401673640166,4027.0,642.0,294.0,0.011764705882352941,5394.0,1.5484504699707031,0.61,253.0,0.011194029850746268,5133.0,0.08969783782958984,0.6859999999999999,524.0,0.012244897959183671,5029.0,0.07985997200012207,0.0,0.0,0.0,0.0,0.0,,,0.0,0.0,0.0,0,0,,,0.0,0.0,0,0,0,0,0,0.0,0.0,0,0,0,0,0
RV30/BB30028,89.0,425.0,0.0,0.006993006993006993,1005168.0,0.8690000000000001,265.0,0.0050590219224283285,995307.0,63.40243554115296,845.0,192.0,0.0031104199066874032,977842.0,0.39920520782470703,0.8440000000000001,0.18600000000000005,0.003436426116838488,1042644.0,3.006663084030152,0.0,0.0,0.0,0.0,0.0,,,0.0,0.0,0.0,0,0,,,0.0,0.0,0,0,0,0,0,0.0,0.0,0,0,0,0,0
RV30/BB30029,98.0,514.0,0.0,0.008136696501220505,-83859.0,0.82,412.0,0.007541478129713423,-1134.0,109.76733279228209,0.7859999999999999,364.0,0.0071736011477761845,-36177.0,0.6215882301330566,807.0,386.0,0.006329113924050633,143789.0,8.203089952468872,0.0,0.0,0.0,0.0,0.0,,,0.0,0.0,0.0,0,0,,,0.0,0.0,0,0,0,0,0,0.0,0.0,0,0,0,0,0
RV30/BB30030,62.0,482.0,0.0,0.004466501240694789,-556236.0,765.0,0.11,0.005392156862745098,-485451.0,95.5416338443756,684.0,0.0886,0.004770992366412214,-520095.0,0.5822708606719971,703.0,0.0135,0.001563314226159458,-483199.0,7.462970733642577,0.0,0.0,0.0,0.0,0.0,,,0.0,0.0,0.0,0,0,,,0.0,0.0,0,0,0,0,0,0.0,0.0,0,0,0,0,0
RV40/BB40001,28.0,461.0,0.0,0.00390625,-130690.0,374.0,0.0724,0.0031496062992125984,-118728.0,39.96924257278442,315.0,0.0558,0.0031712473572938693,-116418.0,0.39017486572265625,313.0,0.00262,0.0030193236714975845,-121491.0,2.4648008346557617,0.0,0.0,0.0,0.0,0.0,,,0.0,0.0,0.0,0,0,,,0.0,0.0,0,0,0,0,0,0.0,0.0,0,0,0,0,0
RV40/BB40002,55.0,612.0,0.0,0.0008074283407347598,-1142923.0,211.0,0.000824,0.0002466091245376079,-1154885.0,153.27823162078855,114.0,0.0,0.0,-993566.0,1.5963983535766602,129.0,0.0,0.0,-897932.0,30.12867259979248,0.0,0.0,0.0,0.0,0.0,,,0.0,0.0,0.0,0,0,,,0.0,0.0,0,0,0,0,0,0.0,0.0,0,0,0,0,0
RV40/BB40003,12.0,527.0,0.0,0.042632066728452274,5879.0,0.84,0.5760000000000001,0.04124656278643447,5399.0,3.806168794631958,0.8009999999999999,468.0,0.03942652329749104,5727.0,0.1546487808227539,0.8290000000000001,0.5710000000000001,0.0423963133640553,6575.0,0.422184944152832,0.0,0.0,0.0,0.0,0.0,,,0.0,0.0,0.0,0,0,,,0.0,0.0,0,0,0,0,0,0.0,0.0,0,0,0,0,0
RV40/BB40004,67.0,533.0,0.0,0.007930785868781542,125086.0,906.0,262.0,0.008603573792190603,141988.0,74.12582445144653,887.0,221.0,0.005220417633410673,139668.0,0.6106114387512207,899.0,308.0,0.00888585099111415,160506.0,4.666050910949707,0.0,0.0,0.0,0.0,0.0,,,0.0,0.0,0.0,0,0,,,0.0,0.0,0,0,0,0,0,0.0,0.0,0,0,0,0,0
RV40/BB40005,12.0,590.0,0.0,0.029816513761467888,-4120.0,804.0,485.0,0.03211009174311927,-1809.0,9.189716815948486,0.78,448.0,0.030646992054483537,-3731.0,0.16024231910705564,809.0,519.0,0.03333333333333333,-1686.0,0.4435443878173828,0.0,0.0,0.0,0.0,0.0,,,0.0,0.0,0.0,0,0,,,0.0,0.0,0,0,0,0,0,0.0,0.0,0,0,0,0,0
RV40/BB40006,14.0,403.0,0.0,0.014240506329113925,-14802.0,698.0,302.0,0.010719754977029095,-16407.0,9.207032203674316,682.0,0.28,0.012251148545176107,-14862.0,0.13772201538085938,721.0,248.0,0.011128775834658187,-13977.0,0.39047813415527344,0.0,0.0,0.0,0.0,0.0,,,0.0,0.0,0.0,0,0,,,0.0,0.0,0,0,0,0,0,0.0,0.0,0,0,0,0,0
RV40/BB40007,8.0,1630.0,0.0,0.0042081101759755156,-38910.0,402.0,118.0,0.0061616527727437476,-30250.0,7.954904317855835,371.0,0.1,0.0071525885558583096,-30521.0,0.7322874069213867,0.4,127.0,0.0073586367157242455,-30546.0,5.38536548614502,0.0,0.0,0.0,0.0,0.0,,,0.0,0.0,0.0,0,0,,,0.0,0.0,0,0,0,0,0,0.0,0.0,0,0,0,0,0
RV40/BB40008,12.0,485.0,0.0,0.014906832298136647,-9512.0,0.81,386.0,0.014510278113663844,-9545.0,9.13910436630249,0.7659999999999999,338.0,0.014623172103487063,-10377.0,0.16391873359680176,784.0,332.0,0.013513513513513514,-9539.0,0.4854161739349365,0.0,0.0,0.0,0.0,0.0,,,0.0,0.0,0.0,0,0,,,0.0,0.0,0,0,0,0,0,0.0,0.0,0,0,0,0,0
RV40/BB40009,19.0,492.0,0.0,0.004240882103477523,-39776.0,0.7120000000000001,195.0,0.0049301561216105174,-42347.0,14.989415168762207,638.0,0.16899999999999998,0.004545454545454545,-43992.0,0.20679759979248047,0.6890000000000001,219.0,0.004163197335553705,-37703.0,1.2422654628753662,0.0,0.0,0.0,0.0,0.0,,,0.0,0.0,0.0,0,0,,,0.0,0.0,0,0,0,0,0,0.0,0.0,0,0,0,0,0
RV40/BB40010,9.0,109.0,0.27,0.029090909090909087,5103.0,815.0,307.0,0.03169014084507042,5350.0,0.8956575393676758,762.0,173.0,0.03832752613240418,5613.0,0.08094453811645508,784.0,267.0,0.03546099290780142,5364.0,0.03928112983703613,0.0862,0.0248,0.004524886877828055,1799.0,0.0,,,166.0,0.0,0.0,3996,0,,,0.283,0.00495,0.01,8745,8424.149252176285,"[8, 5, 7, 0, 2, 1, 4, 6, 3]","[0;72;484;1669;3061;4005;4313;4414;4414]",0.283,0.00495,0.01,8749,8338.360926151276,"[7, 5, 6, 0, 2, 1, 4, 8, 3]","[0;72;481;1550;2880;3878;4263;4369;4369]"
RV40/BB40011,39.0,465.0,0.0,0.0004967709885742673,-391143.0,358.0,0.0005690000000000001,0.0,-412432.0,46.36960577964783,359.0,0.00228,0.0003702332469455757,-389573.0,0.9095785617828368,343.0,0.00114,0.0,-377060.0,7.4038753509521475,0.0,0.0,0.0,0.0,0.0,,,0.0,0.0,0.0,0,0,,,0.0,0.0,0,0,0,0,0,0.0,0.0,0,0,0,0,0
RV40/BB40012,22.0,357.0,0.0,0.006493506493506494,-18605.0,0.8320000000000001,593.0,0.004608294930875576,-22020.0,13.010534048080444,774.0,426.0,0.004016064257028112,-26310.0,0.1513519287109375,802.0,0.5710000000000001,0.0046296296296296285,-20695.0,0.5225868225097656,0.0,0.0,0.0,0.0,0.0,,,0.0,0.0,0.0,0,0,,,0.0,0.0,0,0,0,0,0,0.0,0.0,0,0,0,0,0
RV40/BB40013,35.0,194.0,0.0,0.004469273743016759,-79937.0,0.68,0.0667,0.004106776180698152,-78533.0,7.220247983932495,638.0,0.0512,0.004228329809725161,-78561.0,0.15499329566955564,639.0,0.0124,0.0,-80693.0,1.1136491298675537,0.0,0.0,0.0,0.0,0.0,,,0.0,0.0,0.0,0,0,,,0.0,0.0,0,0,0,0,0,0.0,0.0,0,0,0,0,0
RV40/BB40014,9.0,445.0,0.27,0.03792134831460674,-2722.0,638.0,282.0,0.037037037037037035,-1005.0,4.621360778808594,616.0,0.22,0.041147132169576064,-1554.0,0.1321699619293213,606.0,208.0,0.038563829787234036,-1734.0,0.27986764907836914,0.00744,0.0,0.0,-6187.0,0.0,,,0.00256,0.0,0.0,-6372,0,,,0.176,0.00839,0.01,9071,136003.57152342796,"[3, 5, 2, 4, 6, 7, 1, 0, 8]","[0;72;501;2088;3591;4187;4392;4441;4441]",0.176,0.00839,0.01,9106,133310.06861948967,"[3, 4, 2, 5, 6, 7, 1, 0, 8]","[0;72;499;2066;3592;4195;4389;4446;4446]"
RV40/BB40015,33.0,639.0,0.0,0.0010787486515641855,-315087.0,231.0,0.0,0.0,-313743.0,69.39305996894835,204.0,0.0,0.00087527352297593,-304372.0,1.486337661743164,228.0,0.0,0.0007579585649317837,-297227.0,15.724918127059937,0.0,0.0,0.0,0.0,0.0,,,0.0,0.0,0.0,0,0,,,0.0,0.0,0,0,0,0,0,0.0,0.0,0,0,0,0,0
RV40/BB40016,42.0,224.0,0.0,0.001443001443001443,-90620.0,0.6559999999999999,0.00305,0.0,-92075.0,27.01433086395264,0.62,0.00305,0.0,-79865.0,0.2323503494262696,0.64,0.0061,0.0,-83066.0,1.346531867980957,0.0,0.0,0.0,0.0,0.0,,,0.0,0.0,0.0,0,0,,,0.0,0.0,0,0,0,0,0,0.0,0.0,0,0,0,0,0
RV40/BB40017,42.0,224.0,0.0,0.001443001443001443,-90620.0,0.6559999999999999,0.00305,0.0,-92075.0,32.02610874176025,0.62,0.00305,0.0,-79865.0,0.2194206714630127,0.64,0.0061,0.0,-83066.0,1.3307311534881592,0.0,0.0,0.0,0.0,0.0,,,0.0,0.0,0.0,0,0,,,0.0,0.0,0,0,0,0,0,0.0,0.0,0,0,0,0,0
RV40/BB40018,9.0,342.0,0.19,0.004825090470446321,-14295.0,789.0,415.0,0.004796163069544364,-14215.0,1.911203145980835,638.0,155.0,0.0047875523638539795,-14241.0,0.13730382919311526,736.0,196.0,0.004830917874396135,-13999.0,0.2764921188354492,0.0221,0.0,0.0,-12748.0,0.0,,,25.0,0.0,0.0,-12635,0,,,0.0536,0.0,0.0,-3675,78495.57031202316,"[6, 7, 0, 8, 4, 2, 5, 1, 3]","[0;72;295;577;1021;2114;3311;3848;3848]",0.0536,0.0,0.0,-3633,102265.52087259293,"[4, 5, 1, 7, 2, 3, 8, 0, 6]","[0;72;409;1036;1821;2864;3646;3997;3997]"
RV40/BB40019,10.0,637.0,0.0,0.025150905432595568,-9402.0,877.0,0.61,0.024635495223730517,-9191.0,6.114981651306152,0.8059999999999999,528.0,0.02581926514399205,-9142.0,0.2350931167602539,862.0,626.0,0.024623115577889446,-9251.0,0.7189998626708984,0.0,0.0,0.0,0.0,0.0,,,0.0,0.0,0.0,0,0,,,0.0,0.0,0,0,0,0,0,0.0,0.0,0,0,0,0,0
RV40/BB40020,23.0,712.0,0.0,0.014255543822597675,-32267.0,0.8,248.0,0.014077425842131725,-25926.0,29.424673080444336,0.78,226.0,0.014213197969543147,-27099.0,0.336564302444458,0.8170000000000001,246.0,0.014636696288552013,-23220.0,1.7095499038696291,0.0,0.0,0.0,0.0,0.0,,,0.0,0.0,0.0,0,0,,,0.0,0.0,0,0,0,0,0,0.0,0.0,0,0,0,0,0
RV40/BB40021,25.0,363.0,0.0,0.01945945945945946,-26292.0,0.7609999999999999,232.0,0.016917293233082706,-29181.0,23.23354458808899,746.0,187.0,0.01719690455717971,-25421.0,0.2150230407714844,768.0,235.0,0.02051835853131749,-27957.0,1.0614092350006104,0.0,0.0,0.0,0.0,0.0,,,0.0,0.0,0.0,0,0,,,0.0,0.0,0,0,0,0,0,0.0,0.0,0,0,0,0,0
RV40/BB40022,14.0,356.0,0.0,0.010169491525423728,-31351.0,478.0,0.0525,0.007333333333333333,-29628.0,12.087676525115967,431.0,0.0396,0.0092790863668808,-29056.0,0.17456555366516113,449.0,0.0387,0.0088339222614841,-29789.0,0.7291235923767091,0.0,0.0,0.0,0.0,0.0,,,0.0,0.0,0.0,0,0,,,0.0,0.0,0,0,0,0,0,0.0,0.0,0,0,0,0,0
RV40/BB40023,22.0,984.0,0.0,0.0007074637424831977,-229259.0,675.0,0.0208,0.00048467224039743125,-227027.0,37.516894817352295,0.6,0.00919,0.0008501335924216662,-233314.0,1.4163761138916016,0.6729999999999999,0.0135,0.000597442944198829,-225045.0,11.855031967163086,0.0,0.0,0.0,0.0,0.0,,,0.0,0.0,0.0,0,0,,,0.0,0.0,0,0,0,0,0,0.0,0.0,0,0,0,0,0
RV40/BB40024,34.0,547.0,0.0,0.001749271137026239,-239086.0,546.0,0.0439,0.0010075566750629725,-220239.0,30.24860572814941,544.0,0.0424,0.0009153318077803203,-224553.0,0.5303850173950195,425.0,0.0104,0.0011560693641618498,-215869.0,3.4901859760284424,0.0,0.0,0.0,0.0,0.0,,,0.0,0.0,0.0,0,0,,,0.0,0.0,0,0,0,0,0,0.0,0.0,0,0,0,0,0
RV40/BB40025,14.0,293.0,0.0,0.02120717781402936,-2134.0,0.8370000000000001,537.0,0.02120717781402936,-2559.0,3.447359561920166,0.8190000000000001,0.46,0.020933977455716585,-1348.0,0.1131610870361328,0.8390000000000001,552.0,0.02124183006535948,-2396.0,0.2423982620239257,0.0,0.0,0.0,0.0,0.0,,,0.0,0.0,0.0,0,0,,,0.0,0.0,0,0,0,0,0,0.0,0.0,0,0,0,0,0
RV40/BB40026,36.0,584.0,0.0,0.0029342723004694834,-117641.0,0.62,0.12,0.0025510204081632647,-127460.0,66.62166476249696,556.0,0.0868,0.0017953321364452427,-121328.0,0.5946545600891113,556.0,0.0756,0.002109704641350211,-119681.0,3.9014859199523926,0.0,0.0,0.0,0.0,0.0,,,0.0,0.0,0.0,0,0,,,0.0,0.0,0,0,0,0,0,0.0,0.0,0,0,0,0,0
RV40/BB40027,33.0,626.0,0.0,0.0,-255663.0,615.0,0.0986,0.0002293052052281587,-258460.0,59.66738224029541,487.0,0.0935,0.0,-279686.0,1.1825549602508545,588.0,0.0953,0.0,-254466.0,12.817533016204836,0.0,0.0,0.0,0.0,0.0,,,0.0,0.0,0.0,0,0,,,0.0,0.0,0,0,0,0,0,0.0,0.0,0,0,0,0,0
RV40/BB40028,22.0,310.0,0.0,0.02564102564102564,646.0,894.0,313.0,0.02746566791510612,824.0,11.565424919128418,873.0,0.28,0.027744270205066344,2886.0,0.1659069061279297,884.0,362.0,0.028350515463917526,3880.0,0.5287389755249023,0.0,0.0,0.0,0.0,0.0,,,0.0,0.0,0.0,0,0,,,0.0,0.0,0,0,0,0,0,0.0,0.0,0,0,0,0,0
RV40/BB40029,24.0,163.0,0.0,0.009722222222222222,-7803.0,816.0,722.0,0.006993006993006993,-8047.0,2.468618631362915,0.8,665.0,0.008368200836820083,-7253.0,0.10225248336791992,772.0,665.0,0.0070126227208976155,-8983.0,0.3217129707336426,0.0,0.0,0.0,0.0,0.0,,,0.0,0.0,0.0,0,0,,,0.0,0.0,0,0,0,0,0,0.0,0.0,0,0,0,0,0
RV40/BB40030,32.0,349.0,0.0,0.017114914425427872,1658.0,772.0,272.0,0.01576576576576576,2191.0,30.809497356414795,735.0,229.0,0.013930348258706468,7676.0,0.2218430042266845,775.0,0.25,0.0155902004454343,9373.0,1.149378776550293,0.0,0.0,0.0,0.0,0.0,,,0.0,0.0,0.0,0,0,,,0.0,0.0,0,0,0,0,0,0.0,0.0,0,0,0,0,0
RV40/BB40031,27.0,404.0,0.0,0.01952277657266812,9605.0,484.0,207.0,16.0,20749.0,50.65732169151306,445.0,215.0,0.015115354017501987,30520.0,0.244685173034668,478.0,193.0,0.01853759011328528,18655.0,1.4929265975952148,0.0,0.0,0.0,0.0,0.0,,,0.0,0.0,0.0,0,0,,,0.0,0.0,0,0,0,0,0,0.0,0.0,0,0,0,0,0
RV40/BB40032,6.0,846.0,0.0,0.022816679779701025,-9301.0,0.5820000000000001,321.0,0.02243125904486252,-8778.0,2.2378814220428467,0.5579999999999999,298.0,0.022853185595567867,-8786.0,0.20873713493347168,565.0,321.0,0.02444794952681388,-8346.0,0.6498661041259766,0.0,0.0,0.0,0.0,0.0,,,0.0,0.0,0.0,0,0,,,0.0,0.0,0,0,0,0,0,0.0,0.0,0,0,0,0,0
RV40/BB40033,19.0,497.0,0.0,0.008120649651972156,-36653.0,732.0,349.0,0.008676789587852495,-36674.0,11.470094919204712,737.0,0.35100000000000003,0.008781558726673985,-36686.0,0.19604921340942386,721.0,327.0,0.009153318077803205,-34879.0,0.7299394607543945,0.0,0.0,0.0,0.0,0.0,,,0.0,0.0,0.0,0,0,,,0.0,0.0,0,0,0,0,0,0.0,0.0,0,0,0,0,0
RV40/BB40034,34.0,356.0,0.0,0.006389776357827476,-93959.0,647.0,172.0,0.006896551724137931,-82801.0,22.23421573638916,685.0,159.0,0.005917159763313609,-84307.0,0.2187349796295166,615.0,135.0,0.004296455424274973,-84159.0,1.7360026836395264,0.0,0.0,0.0,0.0,0.0,,,0.0,0.0,0.0,0,0,,,0.0,0.0,0,0,0,0,0,0.0,0.0,0,0,0,0,0
RV40/BB40035,27.0,725.0,0.0,0.005660377358490566,-179155.0,528.0,77.0,0.004182642035552457,-176901.0,66.33349299430847,433.0,0.0195,0.003272727272727273,-164162.0,1.0301637649536133,0.34700000000000003,0.0287,0.0025426807119505995,-174313.0,5.963651180267334,0.0,0.0,0.0,0.0,0.0,,,0.0,0.0,0.0,0,0,,,0.0,0.0,0,0,0,0,0,0.0,0.0,0,0,0,0,0
RV40/BB40036,29.0,338.0,0.0,0.016666666666666666,34702.0,915.0,354.0,0.015625,37087.0,35.30490446090697,0.91,308.0,0.015366430260047281,38139.0,0.1989784240722656,918.0,361.0,0.01643489254108723,37473.0,0.6927287578582764,0.0,0.0,0.0,0.0,0.0,,,0.0,0.0,0.0,0,0,,,0.0,0.0,0,0,0,0,0,0.0,0.0,0,0,0,0,0
RV40/BB40037,46.0,251.0,0.0,0.004153686396677051,-220187.0,468.0,0.01,0.0,-214286.0,31.56264352798462,378.0,0.01,0.0,-208715.0,0.2288148403167725,365.0,0.01,0.0,-194109.0,2.3238537311553955,0.0,0.0,0.0,0.0,0.0,,,0.0,0.0,0.0,0,0,,,0.0,0.0,0,0,0,0,0,0.0,0.0,0,0,0,0,0
RV40/BB40038,23.0,313.0,0.0,0.00028240609997175935,-100821.0,665.0,58.0,0.000541858574911948,-102587.0,7.716488122940063,531.0,0.00792,0.0006167129201356768,-98682.0,0.2937781810760498,602.0,0.0066,0.00031969309462915604,-98190.0,3.2349839210510254,0.0,0.0,0.0,0.0,0.0,,,0.0,0.0,0.0,0,0,,,0.0,0.0,0,0,0,0,0,0.0,0.0,0,0,0,0,0
RV40/BB40039,34.0,665.0,0.0,0.006367398917542184,-34818.0,815.0,0.29100000000000004,0.006110601894286587,-46654.0,52.724881172180176,752.0,234.0,0.006427915518824609,-38426.0,0.5424988269805908,778.0,199.0,0.005071315372424723,-32021.0,3.5605647563934326,0.0,0.0,0.0,0.0,0.0,,,0.0,0.0,0.0,0,0,,,0.0,0.0,0,0,0,0,0,0.0,0.0,0,0,0,0,0
RV40/BB40040,30.0,417.0,0.0,0.006102522375915379,-80917.0,0.85,105.0,0.004691164972634871,-75917.0,19.142268419265747,0.7959999999999999,0.0789,0.0059265112603713935,-74355.0,0.3508334159851074,816.0,0.0988,0.005606728073688426,-72531.0,2.7494170665740967,0.0,0.0,0.0,0.0,0.0,,,0.0,0.0,0.0,0,0,,,0.0,0.0,0,0,0,0,0,0.0,0.0,0,0,0,0,0
RV40/BB40041,55.0,310.0,0.0,0.0022471910112359553,-453119.0,389.0,0.0198,0.0,-502077.0,41.804766654968255,363.0,0.00313,0.001001669449081803,-449296.0,0.6404292583465576,0.38,0.0,0.0,-453130.0,6.825314998626709,0.0,0.0,0.0,0.0,0.0,,,0.0,0.0,0.0,0,0,,,0.0,0.0,0,0,0,0,0,0.0,0.0,0,0,0,0,0
RV40/BB40042,31.0,309.0,0.0,0.0,-51377.0,764.0,0.0253,0.0,-55998.0,24.91544342041016,705.0,0.0209,0.0,-58968.0,0.2894868850708008,754.0,0.0209,0.0,-55985.0,1.3651914596557615,0.0,0.0,0.0,0.0,0.0,,,0.0,0.0,0.0,0,0,,,0.0,0.0,0,0,0,0,0,0.0,0.0,0,0,0,0,0
RV40/BB40043,17.0,345.0,0.0,0.0030737704918032786,-31188.0,669.0,0.5429999999999999,0.003992015968063872,-28741.0,7.775991439819336,631.0,493.0,0.003972194637537239,-28986.0,0.16493511199951172,0.63,514.0,0.004056795131845843,-28569.0,0.5994040966033936,0.0,0.0,0.0,0.0,0.0,,,0.0,0.0,0.0,0,0,,,0.0,0.0,0,0,0,0,0,0.0,0.0,0,0,0,0,0
RV40/BB40044,47.0,162.0,0.0,0.001968503937007874,-71447.0,0.72,154.0,0.0016286644951140064,-78090.0,13.298472166061401,691.0,0.0369,0.001218026796589525,-70035.0,0.15818142890930176,0.7440000000000001,0.0945,0.0018939393939393944,-67487.0,0.7266469001770021,0.0,0.0,0.0,0.0,0.0,,,0.0,0.0,0.0,0,0,,,0.0,0.0,0,0,0,0,0,0.0,0.0,0,0,0,0,0
RV40/BB40045,11.0,201.0,0.0,0.02,492.0,573.0,504.0,0.012578616352201259,-476.0,2.976900815963745,0.5589999999999999,496.0,0.01951951951951952,911.0,0.09308981895446776,0.4270000000000001,0.44,0.006482982171799027,-735.0,0.09871149063110353,0.0,0.0,0.0,0.0,0.0,,,0.0,0.0,0.0,0,0,,,0.0,0.0,0,0,0,0,0,0.0,0.0,0,0,0,0,0
RV40/BB40046,29.0,492.0,0.0,0.001180637544273908,-139889.0,568.0,0.0895,0.0010964912280701754,-134843.0,27.23710942268372,515.0,0.07,0.0010335917312661498,-140333.0,0.3731245994567871,396.0,0.0226,0.0017626321974148062,-128962.0,2.6469082832336426,0.0,0.0,0.0,0.0,0.0,,,0.0,0.0,0.0,0,0,,,0.0,0.0,0,0,0,0,0,0.0,0.0,0,0,0,0,0
RV40/BB40047,54.0,581.0,0.0,0.0025046963055729487,-572498.0,0.59,113.0,0.0022539444027047328,-561535.0,94.09521055221558,0.5489999999999999,0.0892,0.0022957719533193035,-528660.0,1.6326022148132324,596.0,129.0,0.002478826688700681,-495555.0,35.9651951789856,0.0,0.0,0.0,0.0,0.0,,,0.0,0.0,0.0,0,0,,,0.0,0.0,0,0,0,0,0,0.0,0.0,0,0,0,0,0
RV40/BB40048,17.0,734.0,0.0,0.028183716075156576,13580.0,861.0,264.0,0.02893401015228426,19889.0,12.006221771240234,845.0,249.0,0.028571428571428567,19583.0,0.2826716899871826,861.0,245.0,0.029641185647425895,20581.0,1.1374361515045166,0.0,0.0,0.0,0.0,0.0,,,0.0,0.0,0.0,0,0,,,0.0,0.0,0,0,0,0,0,0.0,0.0,0,0,0,0,0
RV40/BB40049,62.0,862.0,0.0,0.0014009526478005044,-1698058.0,534.0,0.0401,0.0013172751223184042,-1745857.0,348.0797655582428,477.0,0.0263,0.0012321774335504313,-1746620.0,4.344897508621217,483.0,0.00533,0.0004811161895597787,-1640756.0,30.76427674293518,0.0,0.0,0.0,0.0,0.0,,,0.0,0.0,0.0,0,0,,,0.0,0.0,0,0,0,0,0,0.0,0.0,0,0,0,0,0
RV50/BB50001,34.0,532.0,0.0,0.00423728813559322,-93295.0,0.7559999999999999,312.0,0.004555808656036446,-76375.0,41.188851118087776,722.0,247.0,0.004102564102564103,-63565.0,0.2828764915466309,721.0,317.0,0.0033149171270718232,-64631.0,1.5606913566589355,0.0,0.0,0.0,0.0,0.0,,,0.0,0.0,0.0,0,0,,,0.0,0.0,0,0,0,0,0,0.0,0.0,0,0,0,0,0
RV50/BB50002,13.0,416.0,0.0,0.002349256068911512,-29241.0,324.0,43.0,0.0017528483786152498,-29280.0,13.317639589309692,273.0,0.009559999999999999,0.0008319467554076539,-27934.0,0.19266486167907715,187.0,0.0,0.0,-24503.0,1.442636013031006,0.0,0.0,0.0,0.0,0.0,,,0.0,0.0,0.0,0,0,,,0.0,0.0,0,0,0,0,0,0.0,0.0,0,0,0,0,0
RV50/BB50003,43.0,558.0,0.0,0.006979695431472081,-238424.0,0.58,0.14300000000000002,0.006138735420503375,-260741.0,40.904185056686394,562.0,123.0,0.005635245901639344,-233980.0,0.4768552780151367,574.0,0.2,0.006862133499688086,-192608.0,5.593322277069092,0.0,0.0,0.0,0.0,0.0,,,0.0,0.0,0.0,0,0,,,0.0,0.0,0,0,0,0,0,0.0,0.0,0,0,0,0,0
RV50/BB50004,9.0,429.0,0.33,0.07678244972577697,5600.0,936.0,0.85,0.07650273224043716,5737.0,3.5340678691864014,0.94,0.8140000000000001,0.07581227436823104,5918.0,0.11100435256958008,938.0,828.0,0.07636363636363637,5552.0,0.11382555961608888,0.0512,0.005679999999999999,0.0015625,-7742.0,0.0,,,0.0967,0.14,0.0018587360594795536,-6657,0,,,0.564,0.335,0.06,11332,86091.39537358284,"[3, 0, 2, 6, 5, 1, 8, 4, 7]","[0;72;498;1868;3318;4086;4346;4425;4425]",0.564,0.335,0.05,11284,91363.08490014076,"[3, 0, 2, 5, 6, 1, 8, 4, 7]","[0;72;500;2104;3678;4240;4406;4450;4450]"
RV50/BB50005,11.0,706.0,0.0,0.08350730688935283,36164.0,913.0,0.6659999999999999,0.08186528497409326,33812.0,12.87263011932373,913.0,679.0,0.08190091001011122,36242.0,0.1786019802093506,918.0,0.7070000000000001,0.08740894901144641,36169.0,0.3363902568817139,0.0,0.0,0.0,0.0,0.0,,,0.0,0.0,0.0,0,0,,,0.0,0.0,0,0,0,0,0,0.0,0.0,0,0,0,0,0
RV50/BB50006,60.0,642.0,0.0,0.0008267879288962381,-568525.0,591.0,0.0971,0.0003716090672612412,-605015.0,107.99130439758301,568.0,0.0948,0.000981675392670157,-546311.0,1.1015710830688477,0.55,0.0715,0.001203369434416366,-535051.0,10.795780420303345,0.0,0.0,0.0,0.0,0.0,,,0.0,0.0,0.0,0,0,,,0.0,0.0,0,0,0,0,0,0.0,0.0,0,0,0,0,0
RV50/BB50007,23.0,229.0,0.0,0.0022123893805309734,-28401.0,546.0,0.0406,0.0021052631578947372,-39009.0,7.772998571395874,487.0,0.0187,0.005576208178438661,-39600.0,0.1320657730102539,625.0,106.0,0.006097560975609756,-26263.0,0.5058460235595703,0.0,0.0,0.0,0.0,0.0,,,0.0,0.0,0.0,0,0,,,0.0,0.0,0,0,0,0,0,0.0,0.0,0,0,0,0,0
RV50/BB50008,26.0,308.0,0.0,0.020987654320987655,8217.0,0.79,411.0,0.02111801242236025,6548.0,12.48218584060669,0.7659999999999999,375.0,0.02060606060606061,10671.0,0.15412139892578125,754.0,382.0,0.019704433497536943,10490.0,0.7259843349456787,0.0,0.0,0.0,0.0,0.0,,,0.0,0.0,0.0,0,0,,,0.0,0.0,0,0,0,0,0,0.0,0.0,0,0,0,0,0
RV50/BB50009,28.0,441.0,0.0,0.0049627791563275426,-32811.0,703.0,146.0,0.003640776699029127,-23034.0,21.151654481887817,682.0,0.12,0.0043196544276457895,-20236.0,0.2359585762023925,0.6559999999999999,63.0,0.0,-14789.0,0.8936436176300049,0.0,0.0,0.0,0.0,0.0,,,0.0,0.0,0.0,0,0,,,0.0,0.0,0,0,0,0,0,0.0,0.0,0,0,0,0,0
RV50/BB50010,17.0,489.0,0.0,0.0043196544276457895,-34185.0,674.0,233.0,0.003092783505154639,-34264.0,12.272096633911133,703.0,246.0,0.006134969325153374,-33794.0,0.1946616172790528,516.0,0.0497,0.00228310502283105,-28897.0,0.6935160160064697,0.0,0.0,0.0,0.0,0.0,,,0.0,0.0,0.0,0,0,,,0.0,0.0,0,0,0,0,0,0.0,0.0,0,0,0,0,0
RV50/BB50011,36.0,436.0,0.0,0.0045078888054094655,-157198.0,618.0,0.14300000000000002,0.0034965034965034965,-160493.0,39.80775833129883,643.0,0.16399999999999998,0.004560260586319218,-137706.0,0.3097622394561768,597.0,112.0,0.0036101083032490976,-135898.0,2.784789562225342,0.0,0.0,0.0,0.0,0.0,,,0.0,0.0,0.0,0,0,,,0.0,0.0,0,0,0,0,0,0.0,0.0,0,0,0,0,0
RV50/BB50012,49.0,707.0,0.0,0.00275049115913556,-571093.0,493.0,0.0337,0.0017321016166281756,-588528.0,169.46379590034485,486.0,0.0277,0.0018881283927307047,-568387.0,1.8519287109375,516.0,0.0367,0.002353732347007397,-528913.0,17.014321327209473,0.0,0.0,0.0,0.0,0.0,,,0.0,0.0,0.0,0,0,,,0.0,0.0,0,0,0,0,0,0.0,0.0,0,0,0,0,0
RV50/BB50013,18.0,283.0,0.0,0.04145077720207254,12251.0,913.0,0.74,0.04450261780104712,12249.0,5.711153984069824,875.0,603.0,0.043147208121827416,11179.0,0.10192346572875977,885.0,0.63,0.04675324675324676,11982.0,0.17485284805297852,0.0,0.0,0.0,0.0,0.0,,,0.0,0.0,0.0,0,0,,,0.0,0.0,0,0,0,0,0,0.0,0.0,0,0,0,0,0
RV50/BB50014,30.0,575.0,0.0,0.015638575152041704,33329.0,0.8029999999999999,395.0,0.014987510407993341,25300.0,39.363228559494026,0.77,337.0,0.014274981217129978,23724.0,0.3503379821777344,0.7929999999999999,349.0,0.015652173913043483,33674.0,1.3895857334136963,0.0,0.0,0.0,0.0,0.0,,,0.0,0.0,0.0,0,0,,,0.0,0.0,0,0,0,0,0,0.0,0.0,0,0,0,0,0
RV50/BB50015,32.0,463.0,0.0,0.001736111111111111,-207038.0,525.0,0.0756,0.0010887316276537834,-199954.0,33.49029564857483,452.0,0.00458,0.0,-217563.0,0.4697704315185547,537.0,39.0,0.001841620626151013,-188781.0,3.3187971115112305,0.0,0.0,0.0,0.0,0.0,,,0.0,0.0,0.0,0,0,,,0.0,0.0,0,0,0,0,0,0.0,0.0,0,0,0,0,0
RV50/BB50016,18.0,607.0,0.0,0.006535947712418301,-66310.0,569.0,115.0,0.004679457182966776,-69733.0,28.84611010551453,0.54,105.0,0.005628517823639775,-64424.0,0.4713478088378906,521.0,0.0981,0.006141820212171971,-63395.0,1.9032211303710933,0.0,0.0,0.0,0.0,0.0,,,0.0,0.0,0.0,0,0,,,0.0,0.0,0,0,0,0,0,0.0,0.0,0,0,0,0,0
